Country ISO3,Country Name,Indicator Id,Indicator,Subindicator Type,2006,2007,2008,2009,2010,2011,2012,2013,2014,2015,2016,2017,2018
ABW,Aruba,28150,FCV Typology - FCV,Value,,,,,,,,,,,,,0
ABW,Aruba,28151,FCS Typology - Past-FCS,Value,,,,,,,,,,,,,0
ABW,Aruba,28152,FCS Typology - Non-FCS,Value,,,,,,,,,,,,,1
ABW,Aruba,28156,Is this country on the FCV list?,Value,0,0,0,0,0,0,0,0,0,0,0,0,0
AFG,Afghanistan,28150,FCV Typology - FCV,Value,,,,,,,,,,,,1,1
AFG,Afghanistan,28151,FCS Typology - Past-FCS,Value,,,,,,,,,,,,0,0
AFG,Afghanistan,28152,FCS Typology - Non-FCS,Value,,,,,,,,,,,,0,0
AFG,Afghanistan,28154,SIDS,Yes/No,,,,,,,,,,,,0,
AFG,Afghanistan,28156,Is this country on the FCV list?,Value,1,1,1,1,1,1,1,1,1,1,1,1,1
AFG,Afghanistan,28157,Is the country resource rich?,Value,,,,,,,,,,,,0,
AFG,Afghanistan,28167,Landlocked,Yes/No,,,,,,,,,,,,1,
AGO,Angola,28150,FCV Typology - FCV,Value,,,,,,,,,,,,0,0
AGO,Angola,28151,FCS Typology - Past-FCS,Value,,,,,,,,,,,,1,1
AGO,Angola,28152,FCS Typology - Non-FCS,Value,,,,,,,,,,,,0,0
AGO,Angola,28154,SIDS,Yes/No,,,,,,,,,,,,0,
AGO,Angola,28156,Is this country on the FCV list?,Value,1,1,1,1,1,1,1,1,0,0,0,0,0
AGO,Angola,28157,Is the country resource rich?,Value,,,,,,,,,,,,1,
AGO,Angola,28167,Landlocked,Yes/No,,,,,,,,,,,,0,
ALB,Albania,28150,FCV Typology - FCV,Value,,,,,,,,,,,,0,0
ALB,Albania,28151,FCS Typology - Past-FCS,Value,,,,,,,,,,,,0,0
ALB,Albania,28152,FCS Typology - Non-FCS,Value,,,,,,,,,,,,1,1
ALB,Albania,28154,SIDS,Yes/No,,,,,,,,,,,,0,
ALB,Albania,28156,Is this country on the FCV list?,Value,0,0,0,0,0,0,0,0,0,0,0,0,0
ALB,Albania,28157,Is the country resource rich?,Value,,,,,,,,,,,,0,
ALB,Albania,28167,Landlocked,Yes/No,,,,,,,,,,,,0,
AND,Andorra,28150,FCV Typology - FCV,Value,,,,,,,,,,,,,0
AND,Andorra,28151,FCS Typology - Past-FCS,Value,,,,,,,,,,,,,0
AND,Andorra,28152,FCS Typology - Non-FCS,Value,,,,,,,,,,,,,1
AND,Andorra,28156,Is this country on the FCV list?,Value,0,0,0,0,0,0,0,0,0,0,0,0,0
ARE,United Arab Emirates,28150,FCV Typology - FCV,Value,,,,,,,,,,,,0,0
ARE,United Arab Emirates,28151,FCS Typology - Past-FCS,Value,,,,,,,,,,,,0,0
ARE,United Arab Emirates,28152,FCS Typology - Non-FCS,Value,,,,,,,,,,,,1,1
ARE,United Arab Emirates,28154,SIDS,Yes/No,,,,,,,,,,,,0,
ARE,United Arab Emirates,28156,Is this country on the FCV list?,Value,0,0,0,0,0,0,0,0,0,0,0,0,0
ARE,United Arab Emirates,28167,Landlocked,Yes/No,,,,,,,,,,,,0,
ARG,Argentina,28150,FCV Typology - FCV,Value,,,,,,,,,,,,0,0
ARG,Argentina,28151,FCS Typology - Past-FCS,Value,,,,,,,,,,,,0,0
ARG,Argentina,28152,FCS Typology - Non-FCS,Value,,,,,,,,,,,,1,1
ARG,Argentina,28154,SIDS,Yes/No,,,,,,,,,,,,0,
ARG,Argentina,28156,Is this country on the FCV list?,Value,0,0,0,0,0,0,0,0,0,0,0,0,0
ARG,Argentina,28157,Is the country resource rich?,Value,,,,,,,,,,,,0,
ARG,Argentina,28167,Landlocked,Yes/No,,,,,,,,,,,,0,
ARM,Armenia,28150,FCV Typology - FCV,Value,,,,,,,,,,,,0,0
ARM,Armenia,28151,FCS Typology - Past-FCS,Value,,,,,,,,,,,,0,0
ARM,Armenia,28152,FCS Typology - Non-FCS,Value,,,,,,,,,,,,1,1
ARM,Armenia,28154,SIDS,Yes/No,,,,,,,,,,,,0,
ARM,Armenia,28156,Is this country on the FCV list?,Value,0,0,0,0,0,0,0,0,0,0,0,0,0
ARM,Armenia,28157,Is the country resource rich?,Value,,,,,,,,,,,,0,
ARM,Armenia,28167,Landlocked,Yes/No,,,,,,,,,,,,1,
ASM,American Samoa,28150,FCV Typology - FCV,Value,,,,,,,,,,,,,0
ASM,American Samoa,28151,FCS Typology - Past-FCS,Value,,,,,,,,,,,,,0
ASM,American Samoa,28152,FCS Typology - Non-FCS,Value,,,,,,,,,,,,,1
ASM,American Samoa,28156,Is this country on the FCV list?,Value,0,0,0,0,0,0,0,0,0,0,0,0,0
ATG,Antigua and Barbuda,28150,FCV Typology - FCV,Value,,,,,,,,,,,,0,0
ATG,Antigua and Barbuda,28151,FCS Typology - Past-FCS,Value,,,,,,,,,,,,0,0
ATG,Antigua and Barbuda,28152,FCS Typology - Non-FCS,Value,,,,,,,,,,,,1,1
ATG,Antigua and Barbuda,28154,SIDS,Yes/No,,,,,,,,,,,,1,
ATG,Antigua and Barbuda,28156,Is this country on the FCV list?,Value,0,0,0,0,0,0,0,0,0,0,0,0,0
ATG,Antigua and Barbuda,28157,Is the country resource rich?,Value,,,,,,,,,,,,0,
ATG,Antigua and Barbuda,28167,Landlocked,Yes/No,,,,,,,,,,,,0,
AUS,Australia,28150,FCV Typology - FCV,Value,,,,,,,,,,,,0,0
AUS,Australia,28151,FCS Typology - Past-FCS,Value,,,,,,,,,,,,0,0
AUS,Australia,28152,FCS Typology - Non-FCS,Value,,,,,,,,,,,,1,1
AUS,Australia,28154,SIDS,Yes/No,,,,,,,,,,,,0,
AUS,Australia,28156,Is this country on the FCV list?,Value,0,0,0,0,0,0,0,0,0,0,0,0,0
AUS,Australia,28157,Is the country resource rich?,Value,,,,,,,,,,,,0,
AUS,Australia,28167,Landlocked,Yes/No,,,,,,,,,,,,0,
AUT,Austria,28150,FCV Typology - FCV,Value,,,,,,,,,,,,0,0
AUT,Austria,28151,FCS Typology - Past-FCS,Value,,,,,,,,,,,,0,0
AUT,Austria,28152,FCS Typology - Non-FCS,Value,,,,,,,,,,,,1,1
AUT,Austria,28154,SIDS,Yes/No,,,,,,,,,,,,0,
AUT,Austria,28156,Is this country on the FCV list?,Value,0,0,0,0,0,0,0,0,0,0,0,0,0
AUT,Austria,28157,Is the country resource rich?,Value,,,,,,,,,,,,0,
AUT,Austria,28167,Landlocked,Yes/No,,,,,,,,,,,,1,
AZE,Azerbaijan,28150,FCV Typology - FCV,Value,,,,,,,,,,,,0,0
AZE,Azerbaijan,28151,FCS Typology - Past-FCS,Value,,,,,,,,,,,,0,0
AZE,Azerbaijan,28152,FCS Typology - Non-FCS,Value,,,,,,,,,,,,1,1
AZE,Azerbaijan,28154,SIDS,Yes/No,,,,,,,,,,,,0,
AZE,Azerbaijan,28156,Is this country on the FCV list?,Value,0,0,0,0,0,0,0,0,0,0,0,0,0
AZE,Azerbaijan,28157,Is the country resource rich?,Value,,,,,,,,,,,,1,
AZE,Azerbaijan,28167,Landlocked,Yes/No,,,,,,,,,,,,1,
BDI,Burundi,28150,FCV Typology - FCV,Value,,,,,,,,,,,,1,1
BDI,Burundi,28151,FCS Typology - Past-FCS,Value,,,,,,,,,,,,0,0
BDI,Burundi,28152,FCS Typology - Non-FCS,Value,,,,,,,,,,,,0,0
BDI,Burundi,28154,SIDS,Yes/No,,,,,,,,,,,,0,
BDI,Burundi,28156,Is this country on the FCV list?,Value,1,1,1,1,1,1,1,1,1,1,1,1,1
BDI,Burundi,28157,Is the country resource rich?,Value,,,,,,,,,,,,1,
BDI,Burundi,28167,Landlocked,Yes/No,,,,,,,,,,,,1,
BEL,Belgium,28150,FCV Typology - FCV,Value,,,,,,,,,,,,0,0
BEL,Belgium,28151,FCS Typology - Past-FCS,Value,,,,,,,,,,,,0,0
BEL,Belgium,28152,FCS Typology - Non-FCS,Value,,,,,,,,,,,,1,1
BEL,Belgium,28154,SIDS,Yes/No,,,,,,,,,,,,0,
BEL,Belgium,28156,Is this country on the FCV list?,Value,0,0,0,0,0,0,0,0,0,0,0,0,0
BEL,Belgium,28157,Is the country resource rich?,Value,,,,,,,,,,,,0,
BEL,Belgium,28167,Landlocked,Yes/No,,,,,,,,,,,,0,
BEN,Benin,28150,FCV Typology - FCV,Value,,,,,,,,,,,,0,0
BEN,Benin,28151,FCS Typology - Past-FCS,Value,,,,,,,,,,,,0,0
BEN,Benin,28152,FCS Typology - Non-FCS,Value,,,,,,,,,,,,1,1
BEN,Benin,28154,SIDS,Yes/No,,,,,,,,,,,,0,
BEN,Benin,28156,Is this country on the FCV list?,Value,0,0,0,0,0,0,0,0,0,0,0,0,0
BEN,Benin,28157,Is the country resource rich?,Value,,,,,,,,,,,,0,
BEN,Benin,28167,Landlocked,Yes/No,,,,,,,,,,,,0,
BFA,Burkina Faso,28150,FCV Typology - FCV,Value,,,,,,,,,,,,0,0
BFA,Burkina Faso,28151,FCS Typology - Past-FCS,Value,,,,,,,,,,,,0,0
BFA,Burkina Faso,28152,FCS Typology - Non-FCS,Value,,,,,,,,,,,,1,1
BFA,Burkina Faso,28154,SIDS,Yes/No,,,,,,,,,,,,0,
BFA,Burkina Faso,28156,Is this country on the FCV list?,Value,0,0,0,0,0,0,0,0,0,0,0,0,0
BFA,Burkina Faso,28157,Is the country resource rich?,Value,,,,,,,,,,,,1,
BFA,Burkina Faso,28167,Landlocked,Yes/No,,,,,,,,,,,,1,
BGD,Bangladesh,28150,FCV Typology - FCV,Value,,,,,,,,,,,,0,0
BGD,Bangladesh,28151,FCS Typology - Past-FCS,Value,,,,,,,,,,,,0,0
BGD,Bangladesh,28152,FCS Typology - Non-FCS,Value,,,,,,,,,,,,1,1
BGD,Bangladesh,28154,SIDS,Yes/No,,,,,,,,,,,,0,
BGD,Bangladesh,28156,Is this country on the FCV list?,Value,0,0,0,0,0,0,0,0,0,0,0,0,0
BGD,Bangladesh,28157,Is the country resource rich?,Value,,,,,,,,,,,,0,
BGD,Bangladesh,28167,Landlocked,Yes/No,,,,,,,,,,,,0,
BGR,Bulgaria,28150,FCV Typology - FCV,Value,,,,,,,,,,,,0,0
BGR,Bulgaria,28151,FCS Typology - Past-FCS,Value,,,,,,,,,,,,0,0
BGR,Bulgaria,28152,FCS Typology - Non-FCS,Value,,,,,,,,,,,,1,1
BGR,Bulgaria,28154,SIDS,Yes/No,,,,,,,,,,,,0,
BGR,Bulgaria,28156,Is this country on the FCV list?,Value,0,0,0,0,0,0,0,0,0,0,0,0,0
BGR,Bulgaria,28157,Is the country resource rich?,Value,,,,,,,,,,,,0,
BGR,Bulgaria,28167,Landlocked,Yes/No,,,,,,,,,,,,0,
BHR,Bahrain,28150,FCV Typology - FCV,Value,,,,,,,,,,,,0,0
BHR,Bahrain,28151,FCS Typology - Past-FCS,Value,,,,,,,,,,,,0,0
BHR,Bahrain,28152,FCS Typology - Non-FCS,Value,,,,,,,,,,,,1,1
BHR,Bahrain,28154,SIDS,Yes/No,,,,,,,,,,,,1,
BHR,Bahrain,28156,Is this country on the FCV list?,Value,0,0,0,0,0,0,0,0,0,0,0,0,0
BHR,Bahrain,28157,Is the country resource rich?,Value,,,,,,,,,,,,0,
BHR,Bahrain,28167,Landlocked,Yes/No,,,,,,,,,,,,0,
BHS,"Bahamas, The",28150,FCV Typology - FCV,Value,,,,,,,,,,,,0,0
BHS,"Bahamas, The",28151,FCS Typology - Past-FCS,Value,,,,,,,,,,,,0,0
BHS,"Bahamas, The",28152,FCS Typology - Non-FCS,Value,,,,,,,,,,,,1,1
BHS,"Bahamas, The",28154,SIDS,Yes/No,,,,,,,,,,,,1,
BHS,"Bahamas, The",28156,Is this country on the FCV list?,Value,0,0,0,0,0,0,0,0,0,0,0,0,0
BHS,"Bahamas, The",28157,Is the country resource rich?,Value,,,,,,,,,,,,0,
BHS,"Bahamas, The",28167,Landlocked,Yes/No,,,,,,,,,,,,0,
BIH,Bosnia and Herzegovina,28150,FCV Typology - FCV,Value,,,,,,,,,,,,1,1
BIH,Bosnia and Herzegovina,28151,FCS Typology - Past-FCS,Value,,,,,,,,,,,,0,0
BIH,Bosnia and Herzegovina,28152,FCS Typology - Non-FCS,Value,,,,,,,,,,,,0,0
BIH,Bosnia and Herzegovina,28154,SIDS,Yes/No,,,,,,,,,,,,0,
BIH,Bosnia and Herzegovina,28156,Is this country on the FCV list?,Value,0,0,0,0,1,1,1,1,1,1,1,0,0
BIH,Bosnia and Herzegovina,28157,Is the country resource rich?,Value,,,,,,,,,,,,0,
BIH,Bosnia and Herzegovina,28167,Landlocked,Yes/No,,,,,,,,,,,,0,
BLR,Belarus,28150,FCV Typology - FCV,Value,,,,,,,,,,,,0,0
BLR,Belarus,28151,FCS Typology - Past-FCS,Value,,,,,,,,,,,,0,0
BLR,Belarus,28152,FCS Typology - Non-FCS,Value,,,,,,,,,,,,1,1
BLR,Belarus,28154,SIDS,Yes/No,,,,,,,,,,,,0,
BLR,Belarus,28156,Is this country on the FCV list?,Value,0,0,0,0,0,0,0,0,0,0,0,0,0
BLR,Belarus,28157,Is the country resource rich?,Value,,,,,,,,,,,,0,
BLR,Belarus,28167,Landlocked,Yes/No,,,,,,,,,,,,1,
BLZ,Belize,28150,FCV Typology - FCV,Value,,,,,,,,,,,,0,0
BLZ,Belize,28151,FCS Typology - Past-FCS,Value,,,,,,,,,,,,0,0
BLZ,Belize,28152,FCS Typology - Non-FCS,Value,,,,,,,,,,,,1,1
BLZ,Belize,28154,SIDS,Yes/No,,,,,,,,,,,,0,
BLZ,Belize,28156,Is this country on the FCV list?,Value,0,0,0,0,0,0,0,0,0,0,0,0,0
BLZ,Belize,28157,Is the country resource rich?,Value,,,,,,,,,,,,0,
BLZ,Belize,28167,Landlocked,Yes/No,,,,,,,,,,,,0,
BMU,Bermuda,28150,FCV Typology - FCV,Value,,,,,,,,,,,,0,0
BMU,Bermuda,28151,FCS Typology - Past-FCS,Value,,,,,,,,,,,,0,0
BMU,Bermuda,28152,FCS Typology - Non-FCS,Value,,,,,,,,,,,,1,1
BMU,Bermuda,28154,SIDS,Yes/No,,,,,,,,,,,,0,
BMU,Bermuda,28156,Is this country on the FCV list?,Value,0,0,0,0,0,0,0,0,0,0,0,0,0
BMU,Bermuda,28157,Is the country resource rich?,Value,,,,,,,,,,,,0,
BMU,Bermuda,28167,Landlocked,Yes/No,,,,,,,,,,,,0,
BOL,Bolivia,28150,FCV Typology - FCV,Value,,,,,,,,,,,,0,0
BOL,Bolivia,28151,FCS Typology - Past-FCS,Value,,,,,,,,,,,,0,0
BOL,Bolivia,28152,FCS Typology - Non-FCS,Value,,,,,,,,,,,,1,1
BOL,Bolivia,28154,SIDS,Yes/No,,,,,,,,,,,,0,
BOL,Bolivia,28156,Is this country on the FCV list?,Value,0,0,0,0,0,0,0,0,0,0,0,0,0
BOL,Bolivia,28157,Is the country resource rich?,Value,,,,,,,,,,,,1,
BOL,Bolivia,28167,Landlocked,Yes/No,,,,,,,,,,,,0,
BRA,Brazil,28150,FCV Typology - FCV,Value,,,,,,,,,,,,0,0
BRA,Brazil,28151,FCS Typology - Past-FCS,Value,,,,,,,,,,,,0,0
BRA,Brazil,28152,FCS Typology - Non-FCS,Value,,,,,,,,,,,,1,1
BRA,Brazil,28154,SIDS,Yes/No,,,,,,,,,,,,0,
BRA,Brazil,28156,Is this country on the FCV list?,Value,0,0,0,0,0,0,0,0,0,0,0,0,0
BRA,Brazil,28157,Is the country resource rich?,Value,,,,,,,,,,,,0,
BRA,Brazil,28167,Landlocked,Yes/No,,,,,,,,,,,,0,
BRB,Barbados,28150,FCV Typology - FCV,Value,,,,,,,,,,,,0,0
BRB,Barbados,28151,FCS Typology - Past-FCS,Value,,,,,,,,,,,,0,0
BRB,Barbados,28152,FCS Typology - Non-FCS,Value,,,,,,,,,,,,1,1
BRB,Barbados,28154,SIDS,Yes/No,,,,,,,,,,,,1,
BRB,Barbados,28156,Is this country on the FCV list?,Value,0,0,0,0,0,0,0,0,0,0,0,0,0
BRB,Barbados,28157,Is the country resource rich?,Value,,,,,,,,,,,,0,
BRB,Barbados,28167,Landlocked,Yes/No,,,,,,,,,,,,0,
BRN,Brunei Darussalam,28150,FCV Typology - FCV,Value,,,,,,,,,,,,0,0
BRN,Brunei Darussalam,28151,FCS Typology - Past-FCS,Value,,,,,,,,,,,,0,0
BRN,Brunei Darussalam,28152,FCS Typology - Non-FCS,Value,,,,,,,,,,,,1,1
BRN,Brunei Darussalam,28154,SIDS,Yes/No,,,,,,,,,,,,0,
BRN,Brunei Darussalam,28156,Is this country on the FCV list?,Value,0,0,0,0,0,0,0,0,0,0,0,0,0
BRN,Brunei Darussalam,28157,Is the country resource rich?,Value,,,,,,,,,,,,0,
BRN,Brunei Darussalam,28167,Landlocked,Yes/No,,,,,,,,,,,,0,
BTN,Bhutan,28150,FCV Typology - FCV,Value,,,,,,,,,,,,0,0
BTN,Bhutan,28151,FCS Typology - Past-FCS,Value,,,,,,,,,,,,0,0
BTN,Bhutan,28152,FCS Typology - Non-FCS,Value,,,,,,,,,,,,1,1
BTN,Bhutan,28154,SIDS,Yes/No,,,,,,,,,,,,0,
BTN,Bhutan,28156,Is this country on the FCV list?,Value,0,0,0,0,0,0,0,0,0,0,0,0,0
BTN,Bhutan,28157,Is the country resource rich?,Value,,,,,,,,,,,,1,
BTN,Bhutan,28167,Landlocked,Yes/No,,,,,,,,,,,,1,
BWA,Botswana,28150,FCV Typology - FCV,Value,,,,,,,,,,,,0,0
BWA,Botswana,28151,FCS Typology - Past-FCS,Value,,,,,,,,,,,,0,0
BWA,Botswana,28152,FCS Typology - Non-FCS,Value,,,,,,,,,,,,1,1
BWA,Botswana,28154,SIDS,Yes/No,,,,,,,,,,,,0,
BWA,Botswana,28156,Is this country on the FCV list?,Value,0,0,0,0,0,0,0,0,0,0,0,0,0
BWA,Botswana,28157,Is the country resource rich?,Value,,,,,,,,,,,,0,
BWA,Botswana,28167,Landlocked,Yes/No,,,,,,,,,,,,1,
CAF,Central African Republic,28150,FCV Typology - FCV,Value,,,,,,,,,,,,1,1
CAF,Central African Republic,28151,FCS Typology - Past-FCS,Value,,,,,,,,,,,,0,0
CAF,Central African Republic,28152,FCS Typology - Non-FCS,Value,,,,,,,,,,,,0,0
CAF,Central African Republic,28154,SIDS,Yes/No,,,,,,,,,,,,0,
CAF,Central African Republic,28156,Is this country on the FCV list?,Value,1,1,1,1,1,1,1,1,1,1,1,1,1
CAF,Central African Republic,28157,Is the country resource rich?,Value,,,,,,,,,,,,1,
CAF,Central African Republic,28167,Landlocked,Yes/No,,,,,,,,,,,,1,
CAN,Canada,28150,FCV Typology - FCV,Value,,,,,,,,,,,,0,0
CAN,Canada,28151,FCS Typology - Past-FCS,Value,,,,,,,,,,,,0,0
CAN,Canada,28152,FCS Typology - Non-FCS,Value,,,,,,,,,,,,1,1
CAN,Canada,28154,SIDS,Yes/No,,,,,,,,,,,,0,
CAN,Canada,28156,Is this country on the FCV list?,Value,0,0,0,0,0,0,0,0,0,0,0,0,0
CAN,Canada,28157,Is the country resource rich?,Value,,,,,,,,,,,,0,
CAN,Canada,28167,Landlocked,Yes/No,,,,,,,,,,,,0,
CHE,Switzerland,28150,FCV Typology - FCV,Value,,,,,,,,,,,,0,0
CHE,Switzerland,28151,FCS Typology - Past-FCS,Value,,,,,,,,,,,,0,0
CHE,Switzerland,28152,FCS Typology - Non-FCS,Value,,,,,,,,,,,,1,1
CHE,Switzerland,28154,SIDS,Yes/No,,,,,,,,,,,,0,
CHE,Switzerland,28156,Is this country on the FCV list?,Value,0,0,0,0,0,0,0,0,0,0,0,0,0
CHE,Switzerland,28167,Landlocked,Yes/No,,,,,,,,,,,,1,
CHI,Channel Islands,28150,FCV Typology - FCV,Value,,,,,,,,,,,,,0
CHI,Channel Islands,28151,FCS Typology - Past-FCS,Value,,,,,,,,,,,,,0
CHI,Channel Islands,28152,FCS Typology - Non-FCS,Value,,,,,,,,,,,,,1
CHI,Channel Islands,28156,Is this country on the FCV list?,Value,0,0,0,0,0,0,0,0,0,0,0,0,0
CHL,Chile,28150,FCV Typology - FCV,Value,,,,,,,,,,,,0,0
CHL,Chile,28151,FCS Typology - Past-FCS,Value,,,,,,,,,,,,0,0
CHL,Chile,28152,FCS Typology - Non-FCS,Value,,,,,,,,,,,,1,1
CHL,Chile,28154,SIDS,Yes/No,,,,,,,,,,,,0,
CHL,Chile,28156,Is this country on the FCV list?,Value,0,0,0,0,0,0,0,0,0,0,0,0,0
CHL,Chile,28157,Is the country resource rich?,Value,,,,,,,,,,,,0,
CHL,Chile,28167,Landlocked,Yes/No,,,,,,,,,,,,0,
CHN,China,28150,FCV Typology - FCV,Value,,,,,,,,,,,,0,0
CHN,China,28151,FCS Typology - Past-FCS,Value,,,,,,,,,,,,0,0
CHN,China,28152,FCS Typology - Non-FCS,Value,,,,,,,,,,,,1,1
CHN,China,28154,SIDS,Yes/No,,,,,,,,,,,,0,
CHN,China,28156,Is this country on the FCV list?,Value,0,0,0,0,0,0,0,0,0,0,0,0,0
CHN,China,28157,Is the country resource rich?,Value,,,,,,,,,,,,0,
CHN,China,28167,Landlocked,Yes/No,,,,,,,,,,,,0,
CIV,Cote d'Ivoire,28150,FCV Typology - FCV,Value,,,,,,,,,,,,1,1
CIV,Cote d'Ivoire,28151,FCS Typology - Past-FCS,Value,,,,,,,,,,,,0,0
CIV,Cote d'Ivoire,28152,FCS Typology - Non-FCS,Value,,,,,,,,,,,,0,0
CIV,Cote d'Ivoire,28154,SIDS,Yes/No,,,,,,,,,,,,0,
CIV,Cote d'Ivoire,28156,Is this country on the FCV list?,Value,1,1,1,1,1,1,1,1,1,1,1,1,1
CIV,Cote d'Ivoire,28157,Is the country resource rich?,Value,,,,,,,,,,,,0,
CIV,Cote d'Ivoire,28167,Landlocked,Yes/No,,,,,,,,,,,,0,
CMR,Cameroon,28150,FCV Typology - FCV,Value,,,,,,,,,,,,0,0
CMR,Cameroon,28151,FCS Typology - Past-FCS,Value,,,,,,,,,,,,1,1
CMR,Cameroon,28152,FCS Typology - Non-FCS,Value,,,,,,,,,,,,0,0
CMR,Cameroon,28154,SIDS,Yes/No,,,,,,,,,,,,0,
CMR,Cameroon,28156,Is this country on the FCV list?,Value,0,0,0,1,1,0,0,0,0,0,0,0,0
CMR,Cameroon,28157,Is the country resource rich?,Value,,,,,,,,,,,,1,
CMR,Cameroon,28167,Landlocked,Yes/No,,,,,,,,,,,,0,
COD,"Congo, Dem. Rep.",28150,FCV Typology - FCV,Value,,,,,,,,,,,,1,1
COD,"Congo, Dem. Rep.",28151,FCS Typology - Past-FCS,Value,,,,,,,,,,,,0,0
COD,"Congo, Dem. Rep.",28152,FCS Typology - Non-FCS,Value,,,,,,,,,,,,0,0
COD,"Congo, Dem. Rep.",28154,SIDS,Yes/No,,,,,,,,,,,,0,
COD,"Congo, Dem. Rep.",28156,Is this country on the FCV list?,Value,1,1,1,1,1,1,1,1,1,1,1,1,1
COD,"Congo, Dem. Rep.",28157,Is the country resource rich?,Value,,,,,,,,,,,,1,
COD,"Congo, Dem. Rep.",28167,Landlocked,Yes/No,,,,,,,,,,,,0,
COG,"Congo, Rep.",28150,FCV Typology - FCV,Value,,,,,,,,,,,,1,1
COG,"Congo, Rep.",28151,FCS Typology - Past-FCS,Value,,,,,,,,,,,,0,0
COG,"Congo, Rep.",28152,FCS Typology - Non-FCS,Value,,,,,,,,,,,,0,0
COG,"Congo, Rep.",28154,SIDS,Yes/No,,,,,,,,,,,,0,
COG,"Congo, Rep.",28156,Is this country on the FCV list?,Value,1,1,1,1,1,1,1,1,1,0,0,0,1
COG,"Congo, Rep.",28157,Is the country resource rich?,Value,,,,,,,,,,,,1,
COG,"Congo, Rep.",28167,Landlocked,Yes/No,,,,,,,,,,,,0,
COL,Colombia,28150,FCV Typology - FCV,Value,,,,,,,,,,,,0,0
COL,Colombia,28151,FCS Typology - Past-FCS,Value,,,,,,,,,,,,0,0
COL,Colombia,28152,FCS Typology - Non-FCS,Value,,,,,,,,,,,,1,1
COL,Colombia,28154,SIDS,Yes/No,,,,,,,,,,,,0,
COL,Colombia,28156,Is this country on the FCV list?,Value,0,0,0,0,0,0,0,0,0,0,0,0,0
COL,Colombia,28157,Is the country resource rich?,Value,,,,,,,,,,,,1,
COL,Colombia,28167,Landlocked,Yes/No,,,,,,,,,,,,0,
COM,Comoros,28150,FCV Typology - FCV,Value,,,,,,,,,,,,1,1
COM,Comoros,28151,FCS Typology - Past-FCS,Value,,,,,,,,,,,,0,0
COM,Comoros,28152,FCS Typology - Non-FCS,Value,,,,,,,,,,,,0,0
COM,Comoros,28154,SIDS,Yes/No,,,,,,,,,,,,1,
COM,Comoros,28156,Is this country on the FCV list?,Value,1,1,1,1,1,1,1,1,1,1,1,1,0
COM,Comoros,28157,Is the country resource rich?,Value,,,,,,,,,,,,0,
COM,Comoros,28167,Landlocked,Yes/No,,,,,,,,,,,,0,
CPV,Cabo Verde,28150,FCV Typology - FCV,Value,,,,,,,,,,,,0,0
CPV,Cabo Verde,28151,FCS Typology - Past-FCS,Value,,,,,,,,,,,,0,0
CPV,Cabo Verde,28152,FCS Typology - Non-FCS,Value,,,,,,,,,,,,1,1
CPV,Cabo Verde,28154,SIDS,Yes/No,,,,,,,,,,,,1,
CPV,Cabo Verde,28156,Is this country on the FCV list?,Value,0,0,0,0,0,0,0,0,0,0,0,0,0
CPV,Cabo Verde,28157,Is the country resource rich?,Value,,,,,,,,,,,,0,
CPV,Cabo Verde,28167,Landlocked,Yes/No,,,,,,,,,,,,0,
CRI,Costa Rica,28150,FCV Typology - FCV,Value,,,,,,,,,,,,0,0
CRI,Costa Rica,28151,FCS Typology - Past-FCS,Value,,,,,,,,,,,,0,0
CRI,Costa Rica,28152,FCS Typology - Non-FCS,Value,,,,,,,,,,,,1,1
CRI,Costa Rica,28154,SIDS,Yes/No,,,,,,,,,,,,0,
CRI,Costa Rica,28156,Is this country on the FCV list?,Value,0,0,0,0,0,0,0,0,0,0,0,0,0
CRI,Costa Rica,28157,Is the country resource rich?,Value,,,,,,,,,,,,0,
CRI,Costa Rica,28167,Landlocked,Yes/No,,,,,,,,,,,,0,
CUB,Cuba,28150,FCV Typology - FCV,Value,,,,,,,,,,,,0,0
CUB,Cuba,28151,FCS Typology - Past-FCS,Value,,,,,,,,,,,,0,0
CUB,Cuba,28152,FCS Typology - Non-FCS,Value,,,,,,,,,,,,1,1
CUB,Cuba,28154,SIDS,Yes/No,,,,,,,,,,,,1,
CUB,Cuba,28156,Is this country on the FCV list?,Value,0,0,0,0,0,0,0,0,0,0,0,0,0
CUB,Cuba,28157,Is the country resource rich?,Value,,,,,,,,,,,,0,
CUB,Cuba,28167,Landlocked,Yes/No,,,,,,,,,,,,0,
CUW,Curacao,28150,FCV Typology - FCV,Value,,,,,,,,,,,,,0
CUW,Curacao,28151,FCS Typology - Past-FCS,Value,,,,,,,,,,,,,0
CUW,Curacao,28152,FCS Typology - Non-FCS,Value,,,,,,,,,,,,,1
CUW,Curacao,28156,Is this country on the FCV list?,Value,0,0,0,0,0,0,0,0,0,0,0,0,0
CYM,Cayman Islands,28150,FCV Typology - FCV,Value,,,,,,,,,,,,,0
CYM,Cayman Islands,28151,FCS Typology - Past-FCS,Value,,,,,,,,,,,,,0
CYM,Cayman Islands,28152,FCS Typology - Non-FCS,Value,,,,,,,,,,,,,1
CYM,Cayman Islands,28156,Is this country on the FCV list?,Value,0,0,0,0,0,0,0,0,0,0,0,0,0
CYP,Cyprus,28150,FCV Typology - FCV,Value,,,,,,,,,,,,0,0
CYP,Cyprus,28151,FCS Typology - Past-FCS,Value,,,,,,,,,,,,0,0
CYP,Cyprus,28152,FCS Typology - Non-FCS,Value,,,,,,,,,,,,1,1
CYP,Cyprus,28154,SIDS,Yes/No,,,,,,,,,,,,0,
CYP,Cyprus,28156,Is this country on the FCV list?,Value,0,0,0,0,0,0,0,0,0,0,0,0,0
CYP,Cyprus,28157,Is the country resource rich?,Value,,,,,,,,,,,,0,
CYP,Cyprus,28167,Landlocked,Yes/No,,,,,,,,,,,,0,
CZE,Czech Republic,28150,FCV Typology - FCV,Value,,,,,,,,,,,,0,0
CZE,Czech Republic,28151,FCS Typology - Past-FCS,Value,,,,,,,,,,,,0,0
CZE,Czech Republic,28152,FCS Typology - Non-FCS,Value,,,,,,,,,,,,1,1
CZE,Czech Republic,28154,SIDS,Yes/No,,,,,,,,,,,,0,
CZE,Czech Republic,28156,Is this country on the FCV list?,Value,0,0,0,0,0,0,0,0,0,0,0,0,0
CZE,Czech Republic,28157,Is the country resource rich?,Value,,,,,,,,,,,,0,
CZE,Czech Republic,28167,Landlocked,Yes/No,,,,,,,,,,,,1,
DEU,Germany,28150,FCV Typology - FCV,Value,,,,,,,,,,,,0,0
DEU,Germany,28151,FCS Typology - Past-FCS,Value,,,,,,,,,,,,0,0
DEU,Germany,28152,FCS Typology - Non-FCS,Value,,,,,,,,,,,,1,1
DEU,Germany,28154,SIDS,Yes/No,,,,,,,,,,,,0,
DEU,Germany,28156,Is this country on the FCV list?,Value,0,0,0,0,0,0,0,0,0,0,0,0,0
DEU,Germany,28157,Is the country resource rich?,Value,,,,,,,,,,,,0,
DEU,Germany,28167,Landlocked,Yes/No,,,,,,,,,,,,0,
DJI,Djibouti,28150,FCV Typology - FCV,Value,,,,,,,,,,,,1,1
DJI,Djibouti,28151,FCS Typology - Past-FCS,Value,,,,,,,,,,,,0,0
DJI,Djibouti,28152,FCS Typology - Non-FCS,Value,,,,,,,,,,,,0,0
DJI,Djibouti,28154,SIDS,Yes/No,,,,,,,,,,,,0,
DJI,Djibouti,28156,Is this country on the FCV list?,Value,1,1,1,1,1,0,0,0,0,0,0,1,1
DJI,Djibouti,28157,Is the country resource rich?,Value,,,,,,,,,,,,0,
DJI,Djibouti,28167,Landlocked,Yes/No,,,,,,,,,,,,0,
DMA,Dominica,28150,FCV Typology - FCV,Value,,,,,,,,,,,,0,0
DMA,Dominica,28151,FCS Typology - Past-FCS,Value,,,,,,,,,,,,0,0
DMA,Dominica,28152,FCS Typology - Non-FCS,Value,,,,,,,,,,,,1,1
DMA,Dominica,28154,SIDS,Yes/No,,,,,,,,,,,,1,
DMA,Dominica,28156,Is this country on the FCV list?,Value,0,0,0,0,0,0,0,0,0,0,0,0,0
DMA,Dominica,28157,Is the country resource rich?,Value,,,,,,,,,,,,0,
DMA,Dominica,28167,Landlocked,Yes/No,,,,,,,,,,,,0,
DNK,Denmark,28150,FCV Typology - FCV,Value,,,,,,,,,,,,0,0
DNK,Denmark,28151,FCS Typology - Past-FCS,Value,,,,,,,,,,,,0,0
DNK,Denmark,28152,FCS Typology - Non-FCS,Value,,,,,,,,,,,,1,1
DNK,Denmark,28154,SIDS,Yes/No,,,,,,,,,,,,0,
DNK,Denmark,28156,Is this country on the FCV list?,Value,0,0,0,0,0,0,0,0,0,0,0,0,0
DNK,Denmark,28157,Is the country resource rich?,Value,,,,,,,,,,,,0,
DNK,Denmark,28167,Landlocked,Yes/No,,,,,,,,,,,,0,
DOM,Dominican Republic,28150,FCV Typology - FCV,Value,,,,,,,,,,,,0,0
DOM,Dominican Republic,28151,FCS Typology - Past-FCS,Value,,,,,,,,,,,,0,0
DOM,Dominican Republic,28152,FCS Typology - Non-FCS,Value,,,,,,,,,,,,1,1
DOM,Dominican Republic,28154,SIDS,Yes/No,,,,,,,,,,,,1,
DOM,Dominican Republic,28156,Is this country on the FCV list?,Value,0,0,0,0,0,0,0,0,0,0,0,0,0
DOM,Dominican Republic,28157,Is the country resource rich?,Value,,,,,,,,,,,,0,
DOM,Dominican Republic,28167,Landlocked,Yes/No,,,,,,,,,,,,0,
DZA,Algeria,28150,FCV Typology - FCV,Value,,,,,,,,,,,,0,0
DZA,Algeria,28151,FCS Typology - Past-FCS,Value,,,,,,,,,,,,0,0
DZA,Algeria,28152,FCS Typology - Non-FCS,Value,,,,,,,,,,,,1,1
DZA,Algeria,28154,SIDS,Yes/No,,,,,,,,,,,,0,
DZA,Algeria,28156,Is this country on the FCV list?,Value,0,0,0,0,0,0,0,0,0,0,0,0,0
DZA,Algeria,28157,Is the country resource rich?,Value,,,,,,,,,,,,1,
DZA,Algeria,28167,Landlocked,Yes/No,,,,,,,,,,,,0,
ECU,Ecuador,28150,FCV Typology - FCV,Value,,,,,,,,,,,,0,0
ECU,Ecuador,28151,FCS Typology - Past-FCS,Value,,,,,,,,,,,,0,0
ECU,Ecuador,28152,FCS Typology - Non-FCS,Value,,,,,,,,,,,,1,1
ECU,Ecuador,28154,SIDS,Yes/No,,,,,,,,,,,,0,
ECU,Ecuador,28156,Is this country on the FCV list?,Value,0,0,0,0,0,0,0,0,0,0,0,0,0
ECU,Ecuador,28157,Is the country resource rich?,Value,,,,,,,,,,,,1,
ECU,Ecuador,28167,Landlocked,Yes/No,,,,,,,,,,,,0,
EGY,"Egypt, Arab Rep.",28150,FCV Typology - FCV,Value,,,,,,,,,,,,0,0
EGY,"Egypt, Arab Rep.",28151,FCS Typology - Past-FCS,Value,,,,,,,,,,,,0,0
EGY,"Egypt, Arab Rep.",28152,FCS Typology - Non-FCS,Value,,,,,,,,,,,,1,1
EGY,"Egypt, Arab Rep.",28154,SIDS,Yes/No,,,,,,,,,,,,0,
EGY,"Egypt, Arab Rep.",28156,Is this country on the FCV list?,Value,0,0,0,0,0,0,0,0,0,0,0,0,0
EGY,"Egypt, Arab Rep.",28157,Is the country resource rich?,Value,,,,,,,,,,,,1,
EGY,"Egypt, Arab Rep.",28167,Landlocked,Yes/No,,,,,,,,,,,,0,
ERI,Eritrea,28150,FCV Typology - FCV,Value,,,,,,,,,,,,1,1
ERI,Eritrea,28151,FCS Typology - Past-FCS,Value,,,,,,,,,,,,0,0
ERI,Eritrea,28152,FCS Typology - Non-FCS,Value,,,,,,,,,,,,0,0
ERI,Eritrea,28154,SIDS,Yes/No,,,,,,,,,,,,0,
ERI,Eritrea,28156,Is this country on the FCV list?,Value,1,1,1,1,1,1,1,1,1,1,1,1,1
ERI,Eritrea,28157,Is the country resource rich?,Value,,,,,,,,,,,,0,
ERI,Eritrea,28167,Landlocked,Yes/No,,,,,,,,,,,,0,
ESP,Spain,28150,FCV Typology - FCV,Value,,,,,,,,,,,,0,0
ESP,Spain,28151,FCS Typology - Past-FCS,Value,,,,,,,,,,,,0,0
ESP,Spain,28152,FCS Typology - Non-FCS,Value,,,,,,,,,,,,1,1
ESP,Spain,28154,SIDS,Yes/No,,,,,,,,,,,,0,
ESP,Spain,28156,Is this country on the FCV list?,Value,0,0,0,0,0,0,0,0,0,0,0,0,0
ESP,Spain,28167,Landlocked,Yes/No,,,,,,,,,,,,0,
EST,Estonia,28150,FCV Typology - FCV,Value,,,,,,,,,,,,0,0
EST,Estonia,28151,FCS Typology - Past-FCS,Value,,,,,,,,,,,,0,0
EST,Estonia,28152,FCS Typology - Non-FCS,Value,,,,,,,,,,,,1,1
EST,Estonia,28154,SIDS,Yes/No,,,,,,,,,,,,0,
EST,Estonia,28156,Is this country on the FCV list?,Value,0,0,0,0,0,0,0,0,0,0,0,0,0
EST,Estonia,28157,Is the country resource rich?,Value,,,,,,,,,,,,0,
EST,Estonia,28167,Landlocked,Yes/No,,,,,,,,,,,,0,
ETH,Ethiopia,28150,FCV Typology - FCV,Value,,,,,,,,,,,,0,0
ETH,Ethiopia,28151,FCS Typology - Past-FCS,Value,,,,,,,,,,,,0,0
ETH,Ethiopia,28152,FCS Typology - Non-FCS,Value,,,,,,,,,,,,1,1
ETH,Ethiopia,28154,SIDS,Yes/No,,,,,,,,,,,,0,
ETH,Ethiopia,28156,Is this country on the FCV list?,Value,0,0,0,0,0,0,0,0,0,0,0,0,0
ETH,Ethiopia,28157,Is the country resource rich?,Value,,,,,,,,,,,,1,
ETH,Ethiopia,28167,Landlocked,Yes/No,,,,,,,,,,,,1,
FIN,Finland,28150,FCV Typology - FCV,Value,,,,,,,,,,,,0,0
FIN,Finland,28151,FCS Typology - Past-FCS,Value,,,,,,,,,,,,0,0
FIN,Finland,28152,FCS Typology - Non-FCS,Value,,,,,,,,,,,,1,1
FIN,Finland,28154,SIDS,Yes/No,,,,,,,,,,,,0,
FIN,Finland,28156,Is this country on the FCV list?,Value,0,0,0,0,0,0,0,0,0,0,0,0,0
FIN,Finland,28157,Is the country resource rich?,Value,,,,,,,,,,,,0,
FIN,Finland,28167,Landlocked,Yes/No,,,,,,,,,,,,0,
FJI,Fiji,28150,FCV Typology - FCV,Value,,,,,,,,,,,,0,0
FJI,Fiji,28151,FCS Typology - Past-FCS,Value,,,,,,,,,,,,0,0
FJI,Fiji,28152,FCS Typology - Non-FCS,Value,,,,,,,,,,,,1,1
FJI,Fiji,28154,SIDS,Yes/No,,,,,,,,,,,,1,
FJI,Fiji,28156,Is this country on the FCV list?,Value,0,0,0,0,0,0,0,0,0,0,0,0,0
FJI,Fiji,28157,Is the country resource rich?,Value,,,,,,,,,,,,0,
FJI,Fiji,28167,Landlocked,Yes/No,,,,,,,,,,,,0,
FRA,France,28150,FCV Typology - FCV,Value,,,,,,,,,,,,0,0
FRA,France,28151,FCS Typology - Past-FCS,Value,,,,,,,,,,,,0,0
FRA,France,28152,FCS Typology - Non-FCS,Value,,,,,,,,,,,,1,1
FRA,France,28154,SIDS,Yes/No,,,,,,,,,,,,0,
FRA,France,28156,Is this country on the FCV list?,Value,0,0,0,0,0,0,0,0,0,0,0,0,0
FRA,France,28157,Is the country resource rich?,Value,,,,,,,,,,,,0,
FRA,France,28167,Landlocked,Yes/No,,,,,,,,,,,,0,
FRO,Faroe Islands,28150,FCV Typology - FCV,Value,,,,,,,,,,,,,0
FRO,Faroe Islands,28151,FCS Typology - Past-FCS,Value,,,,,,,,,,,,,0
FRO,Faroe Islands,28152,FCS Typology - Non-FCS,Value,,,,,,,,,,,,,1
FRO,Faroe Islands,28156,Is this country on the FCV list?,Value,0,0,0,0,0,0,0,0,0,0,0,0,0
FSM,"Micronesia, Fed. Sts.",28150,FCV Typology - FCV,Value,,,,,,,,,,,,1,1
FSM,"Micronesia, Fed. Sts.",28151,FCS Typology - Past-FCS,Value,,,,,,,,,,,,0,0
FSM,"Micronesia, Fed. Sts.",28152,FCS Typology - Non-FCS,Value,,,,,,,,,,,,0,0
FSM,"Micronesia, Fed. Sts.",28154,SIDS,Yes/No,,,,,,,,,,,,1,
FSM,"Micronesia, Fed. Sts.",28156,Is this country on the FCV list?,Value,0,0,0,0,0,0,1,1,1,1,1,1,1
FSM,"Micronesia, Fed. Sts.",28157,Is the country resource rich?,Value,,,,,,,,,,,,0,
FSM,"Micronesia, Fed. Sts.",28167,Landlocked,Yes/No,,,,,,,,,,,,0,
GAB,Gabon,28150,FCV Typology - FCV,Value,,,,,,,,,,,,0,0
GAB,Gabon,28151,FCS Typology - Past-FCS,Value,,,,,,,,,,,,0,0
GAB,Gabon,28152,FCS Typology - Non-FCS,Value,,,,,,,,,,,,1,1
GAB,Gabon,28154,SIDS,Yes/No,,,,,,,,,,,,0,
GAB,Gabon,28156,Is this country on the FCV list?,Value,0,0,0,0,0,0,0,0,0,0,0,0,0
GAB,Gabon,28157,Is the country resource rich?,Value,,,,,,,,,,,,0,
GAB,Gabon,28167,Landlocked,Yes/No,,,,,,,,,,,,0,
GBR,United Kingdom,28150,FCV Typology - FCV,Value,,,,,,,,,,,,0,0
GBR,United Kingdom,28151,FCS Typology - Past-FCS,Value,,,,,,,,,,,,0,0
GBR,United Kingdom,28152,FCS Typology - Non-FCS,Value,,,,,,,,,,,,1,1
GBR,United Kingdom,28154,SIDS,Yes/No,,,,,,,,,,,,0,
GBR,United Kingdom,28156,Is this country on the FCV list?,Value,0,0,0,0,0,0,0,0,0,0,0,0,0
GBR,United Kingdom,28167,Landlocked,Yes/No,,,,,,,,,,,,0,
GEO,Georgia,28150,FCV Typology - FCV,Value,,,,,,,,,,,,0,0
GEO,Georgia,28151,FCS Typology - Past-FCS,Value,,,,,,,,,,,,1,1
GEO,Georgia,28152,FCS Typology - Non-FCS,Value,,,,,,,,,,,,0,0
GEO,Georgia,28154,SIDS,Yes/No,,,,,,,,,,,,0,
GEO,Georgia,28156,Is this country on the FCV list?,Value,0,0,0,0,1,1,1,0,0,0,0,0,0
GEO,Georgia,28157,Is the country resource rich?,Value,,,,,,,,,,,,0,
GEO,Georgia,28167,Landlocked,Yes/No,,,,,,,,,,,,0,
GHA,Ghana,28150,FCV Typology - FCV,Value,,,,,,,,,,,,0,0
GHA,Ghana,28151,FCS Typology - Past-FCS,Value,,,,,,,,,,,,0,0
GHA,Ghana,28152,FCS Typology - Non-FCS,Value,,,,,,,,,,,,1,1
GHA,Ghana,28154,SIDS,Yes/No,,,,,,,,,,,,0,
GHA,Ghana,28156,Is this country on the FCV list?,Value,0,0,0,0,0,0,0,0,0,0,0,0,0
GHA,Ghana,28157,Is the country resource rich?,Value,,,,,,,,,,,,1,
GHA,Ghana,28167,Landlocked,Yes/No,,,,,,,,,,,,0,
GIB,Gibraltar,28150,FCV Typology - FCV,Value,,,,,,,,,,,,,0
GIB,Gibraltar,28151,FCS Typology - Past-FCS,Value,,,,,,,,,,,,,0
GIB,Gibraltar,28152,FCS Typology - Non-FCS,Value,,,,,,,,,,,,,1
GIB,Gibraltar,28156,Is this country on the FCV list?,Value,0,0,0,0,0,0,0,0,0,0,0,0,0
GIN,Guinea,28150,FCV Typology - FCV,Value,,,,,,,,,,,,0,0
GIN,Guinea,28151,FCS Typology - Past-FCS,Value,,,,,,,,,,,,1,1
GIN,Guinea,28152,FCS Typology - Non-FCS,Value,,,,,,,,,,,,0,0
GIN,Guinea,28154,SIDS,Yes/No,,,,,,,,,,,,0,
GIN,Guinea,28156,Is this country on the FCV list?,Value,1,1,1,1,1,1,1,1,0,0,0,0,0
GIN,Guinea,28157,Is the country resource rich?,Value,,,,,,,,,,,,1,
GIN,Guinea,28167,Landlocked,Yes/No,,,,,,,,,,,,0,
GMB,"Gambia, The",28150,FCV Typology - FCV,Value,,,,,,,,,,,,1,1
GMB,"Gambia, The",28151,FCS Typology - Past-FCS,Value,,,,,,,,,,,,0,0
GMB,"Gambia, The",28152,FCS Typology - Non-FCS,Value,,,,,,,,,,,,0,0
GMB,"Gambia, The",28154,SIDS,Yes/No,,,,,,,,,,,,0,
GMB,"Gambia, The",28156,Is this country on the FCV list?,Value,1,1,1,1,1,0,0,0,0,0,1,1,1
GMB,"Gambia, The",28157,Is the country resource rich?,Value,,,,,,,,,,,,0,
GMB,"Gambia, The",28167,Landlocked,Yes/No,,,,,,,,,,,,0,
GNB,Guinea-Bissau,28150,FCV Typology - FCV,Value,,,,,,,,,,,,1,1
GNB,Guinea-Bissau,28151,FCS Typology - Past-FCS,Value,,,,,,,,,,,,0,0
GNB,Guinea-Bissau,28152,FCS Typology - Non-FCS,Value,,,,,,,,,,,,0,0
GNB,Guinea-Bissau,28154,SIDS,Yes/No,,,,,,,,,,,,1,
GNB,Guinea-Bissau,28156,Is this country on the FCV list?,Value,1,1,1,1,1,1,1,1,1,1,1,1,1
GNB,Guinea-Bissau,28157,Is the country resource rich?,Value,,,,,,,,,,,,1,
GNB,Guinea-Bissau,28167,Landlocked,Yes/No,,,,,,,,,,,,0,
GNQ,Equatorial Guinea,28150,FCV Typology - FCV,Value,,,,,,,,,,,,0,0
GNQ,Equatorial Guinea,28151,FCS Typology - Past-FCS,Value,,,,,,,,,,,,0,0
GNQ,Equatorial Guinea,28152,FCS Typology - Non-FCS,Value,,,,,,,,,,,,1,1
GNQ,Equatorial Guinea,28154,SIDS,Yes/No,,,,,,,,,,,,0,
GNQ,Equatorial Guinea,28156,Is this country on the FCV list?,Value,0,0,0,0,0,0,0,0,0,0,0,0,0
GNQ,Equatorial Guinea,28157,Is the country resource rich?,Value,,,,,,,,,,,,1,
GNQ,Equatorial Guinea,28167,Landlocked,Yes/No,,,,,,,,,,,,0,
GRC,Greece,28150,FCV Typology - FCV,Value,,,,,,,,,,,,0,0
GRC,Greece,28151,FCS Typology - Past-FCS,Value,,,,,,,,,,,,0,0
GRC,Greece,28152,FCS Typology - Non-FCS,Value,,,,,,,,,,,,1,1
GRC,Greece,28154,SIDS,Yes/No,,,,,,,,,,,,0,
GRC,Greece,28156,Is this country on the FCV list?,Value,0,0,0,0,0,0,0,0,0,0,0,0,0
GRC,Greece,28157,Is the country resource rich?,Value,,,,,,,,,,,,0,
GRC,Greece,28167,Landlocked,Yes/No,,,,,,,,,,,,0,
GRD,Grenada,28150,FCV Typology - FCV,Value,,,,,,,,,,,,0,0
GRD,Grenada,28151,FCS Typology - Past-FCS,Value,,,,,,,,,,,,0,0
GRD,Grenada,28152,FCS Typology - Non-FCS,Value,,,,,,,,,,,,1,1
GRD,Grenada,28154,SIDS,Yes/No,,,,,,,,,,,,1,
GRD,Grenada,28156,Is this country on the FCV list?,Value,0,0,0,0,0,0,0,0,0,0,0,0,0
GRD,Grenada,28157,Is the country resource rich?,Value,,,,,,,,,,,,0,
GRD,Grenada,28167,Landlocked,Yes/No,,,,,,,,,,,,0,
GRL,Greenland,28150,FCV Typology - FCV,Value,,,,,,,,,,,,,0
GRL,Greenland,28151,FCS Typology - Past-FCS,Value,,,,,,,,,,,,,0
GRL,Greenland,28152,FCS Typology - Non-FCS,Value,,,,,,,,,,,,,1
GRL,Greenland,28156,Is this country on the FCV list?,Value,0,0,0,0,0,0,0,0,0,0,0,0,0
GTM,Guatemala,28150,FCV Typology - FCV,Value,,,,,,,,,,,,0,0
GTM,Guatemala,28151,FCS Typology - Past-FCS,Value,,,,,,,,,,,,0,0
GTM,Guatemala,28152,FCS Typology - Non-FCS,Value,,,,,,,,,,,,1,1
GTM,Guatemala,28154,SIDS,Yes/No,,,,,,,,,,,,0,
GTM,Guatemala,28156,Is this country on the FCV list?,Value,0,0,0,0,0,0,0,0,0,0,0,0,0
GTM,Guatemala,28157,Is the country resource rich?,Value,,,,,,,,,,,,0,
GTM,Guatemala,28167,Landlocked,Yes/No,,,,,,,,,,,,0,
GUM,Guam,28150,FCV Typology - FCV,Value,,,,,,,,,,,,,0
GUM,Guam,28151,FCS Typology - Past-FCS,Value,,,,,,,,,,,,,0
GUM,Guam,28152,FCS Typology - Non-FCS,Value,,,,,,,,,,,,,1
GUM,Guam,28156,Is this country on the FCV list?,Value,0,0,0,0,0,0,0,0,0,0,0,0,0
GUY,Guyana,28150,FCV Typology - FCV,Value,,,,,,,,,,,,0,0
GUY,Guyana,28151,FCS Typology - Past-FCS,Value,,,,,,,,,,,,0,0
GUY,Guyana,28152,FCS Typology - Non-FCS,Value,,,,,,,,,,,,1,1
GUY,Guyana,28154,SIDS,Yes/No,,,,,,,,,,,,1,
GUY,Guyana,28156,Is this country on the FCV list?,Value,0,0,0,0,0,0,0,0,0,0,0,0,0
GUY,Guyana,28157,Is the country resource rich?,Value,,,,,,,,,,,,1,
GUY,Guyana,28167,Landlocked,Yes/No,,,,,,,,,,,,0,
HKG,"Hong Kong SAR, China",28150,FCV Typology - FCV,Value,,,,,,,,,,,,0,0
HKG,"Hong Kong SAR, China",28151,FCS Typology - Past-FCS,Value,,,,,,,,,,,,0,0
HKG,"Hong Kong SAR, China",28152,FCS Typology - Non-FCS,Value,,,,,,,,,,,,1,1
HKG,"Hong Kong SAR, China",28154,SIDS,Yes/No,,,,,,,,,,,,0,
HKG,"Hong Kong SAR, China",28156,Is this country on the FCV list?,Value,0,0,0,0,0,0,0,0,0,0,0,0,0
HKG,"Hong Kong SAR, China",28157,Is the country resource rich?,Value,,,,,,,,,,,,0,
HKG,"Hong Kong SAR, China",28167,Landlocked,Yes/No,,,,,,,,,,,,0,
HND,Honduras,28150,FCV Typology - FCV,Value,,,,,,,,,,,,0,0
HND,Honduras,28151,FCS Typology - Past-FCS,Value,,,,,,,,,,,,0,0
HND,Honduras,28152,FCS Typology - Non-FCS,Value,,,,,,,,,,,,1,1
HND,Honduras,28154,SIDS,Yes/No,,,,,,,,,,,,0,
HND,Honduras,28156,Is this country on the FCV list?,Value,0,0,0,0,0,0,0,0,0,0,0,0,0
HND,Honduras,28157,Is the country resource rich?,Value,,,,,,,,,,,,0,
HND,Honduras,28167,Landlocked,Yes/No,,,,,,,,,,,,0,
HRV,Croatia,28150,FCV Typology - FCV,Value,,,,,,,,,,,,0,0
HRV,Croatia,28151,FCS Typology - Past-FCS,Value,,,,,,,,,,,,0,0
HRV,Croatia,28152,FCS Typology - Non-FCS,Value,,,,,,,,,,,,1,1
HRV,Croatia,28154,SIDS,Yes/No,,,,,,,,,,,,0,
HRV,Croatia,28156,Is this country on the FCV list?,Value,0,0,0,0,0,0,0,0,0,0,0,0,0
HRV,Croatia,28157,Is the country resource rich?,Value,,,,,,,,,,,,0,
HRV,Croatia,28167,Landlocked,Yes/No,,,,,,,,,,,,0,
HTI,Haiti,28150,FCV Typology - FCV,Value,,,,,,,,,,,,1,1
HTI,Haiti,28151,FCS Typology - Past-FCS,Value,,,,,,,,,,,,0,0
HTI,Haiti,28152,FCS Typology - Non-FCS,Value,,,,,,,,,,,,0,0
HTI,Haiti,28154,SIDS,Yes/No,,,,,,,,,,,,1,
HTI,Haiti,28156,Is this country on the FCV list?,Value,1,1,1,1,1,1,1,1,1,1,1,1,1
HTI,Haiti,28157,Is the country resource rich?,Value,,,,,,,,,,,,0,
HTI,Haiti,28167,Landlocked,Yes/No,,,,,,,,,,,,0,
HUN,Hungary,28150,FCV Typology - FCV,Value,,,,,,,,,,,,0,0
HUN,Hungary,28151,FCS Typology - Past-FCS,Value,,,,,,,,,,,,0,0
HUN,Hungary,28152,FCS Typology - Non-FCS,Value,,,,,,,,,,,,1,1
HUN,Hungary,28154,SIDS,Yes/No,,,,,,,,,,,,0,
HUN,Hungary,28156,Is this country on the FCV list?,Value,0,0,0,0,0,0,0,0,0,0,0,0,0
HUN,Hungary,28157,Is the country resource rich?,Value,,,,,,,,,,,,0,
HUN,Hungary,28167,Landlocked,Yes/No,,,,,,,,,,,,1,
IDN,Indonesia,28150,FCV Typology - FCV,Value,,,,,,,,,,,,0,0
IDN,Indonesia,28151,FCS Typology - Past-FCS,Value,,,,,,,,,,,,0,0
IDN,Indonesia,28152,FCS Typology - Non-FCS,Value,,,,,,,,,,,,1,1
IDN,Indonesia,28154,SIDS,Yes/No,,,,,,,,,,,,0,
IDN,Indonesia,28156,Is this country on the FCV list?,Value,0,0,0,0,0,0,0,0,0,0,0,0,0
IDN,Indonesia,28157,Is the country resource rich?,Value,,,,,,,,,,,,1,
IDN,Indonesia,28167,Landlocked,Yes/No,,,,,,,,,,,,0,
IMN,Isle of Man,28150,FCV Typology - FCV,Value,,,,,,,,,,,,,0
IMN,Isle of Man,28151,FCS Typology - Past-FCS,Value,,,,,,,,,,,,,0
IMN,Isle of Man,28152,FCS Typology - Non-FCS,Value,,,,,,,,,,,,,1
IMN,Isle of Man,28156,Is this country on the FCV list?,Value,0,0,0,0,0,0,0,0,0,0,0,0,0
IND,India,28150,FCV Typology - FCV,Value,,,,,,,,,,,,0,0
IND,India,28151,FCS Typology - Past-FCS,Value,,,,,,,,,,,,0,0
IND,India,28152,FCS Typology - Non-FCS,Value,,,,,,,,,,,,1,1
IND,India,28154,SIDS,Yes/No,,,,,,,,,,,,0,
IND,India,28156,Is this country on the FCV list?,Value,0,0,0,0,0,0,0,0,0,0,0,0,0
IND,India,28157,Is the country resource rich?,Value,,,,,,,,,,,,0,
IND,India,28167,Landlocked,Yes/No,,,,,,,,,,,,0,
IRL,Ireland,28150,FCV Typology - FCV,Value,,,,,,,,,,,,0,0
IRL,Ireland,28151,FCS Typology - Past-FCS,Value,,,,,,,,,,,,0,0
IRL,Ireland,28152,FCS Typology - Non-FCS,Value,,,,,,,,,,,,1,1
IRL,Ireland,28154,SIDS,Yes/No,,,,,,,,,,,,0,
IRL,Ireland,28156,Is this country on the FCV list?,Value,0,0,0,0,0,0,0,0,0,0,0,0,0
IRL,Ireland,28157,Is the country resource rich?,Value,,,,,,,,,,,,0,
IRL,Ireland,28167,Landlocked,Yes/No,,,,,,,,,,,,0,
IRN,"Iran, Islamic Rep.",28150,FCV Typology - FCV,Value,,,,,,,,,,,,0,0
IRN,"Iran, Islamic Rep.",28151,FCS Typology - Past-FCS,Value,,,,,,,,,,,,0,0
IRN,"Iran, Islamic Rep.",28152,FCS Typology - Non-FCS,Value,,,,,,,,,,,,1,1
IRN,"Iran, Islamic Rep.",28154,SIDS,Yes/No,,,,,,,,,,,,0,
IRN,"Iran, Islamic Rep.",28156,Is this country on the FCV list?,Value,0,0,0,0,0,0,0,0,0,0,0,0,0
IRN,"Iran, Islamic Rep.",28157,Is the country resource rich?,Value,,,,,,,,,,,,1,
IRN,"Iran, Islamic Rep.",28167,Landlocked,Yes/No,,,,,,,,,,,,0,
IRQ,Iraq,28150,FCV Typology - FCV,Value,,,,,,,,,,,,1,1
IRQ,Iraq,28151,FCS Typology - Past-FCS,Value,,,,,,,,,,,,0,0
IRQ,Iraq,28152,FCS Typology - Non-FCS,Value,,,,,,,,,,,,0,0
IRQ,Iraq,28154,SIDS,Yes/No,,,,,,,,,,,,0,
IRQ,Iraq,28156,Is this country on the FCV list?,Value,0,0,0,0,0,1,1,1,1,1,1,1,1
IRQ,Iraq,28157,Is the country resource rich?,Value,,,,,,,,,,,,1,
IRQ,Iraq,28167,Landlocked,Yes/No,,,,,,,,,,,,0,
ISL,Iceland,28150,FCV Typology - FCV,Value,,,,,,,,,,,,0,0
ISL,Iceland,28151,FCS Typology - Past-FCS,Value,,,,,,,,,,,,0,0
ISL,Iceland,28152,FCS Typology - Non-FCS,Value,,,,,,,,,,,,1,1
ISL,Iceland,28154,SIDS,Yes/No,,,,,,,,,,,,0,
ISL,Iceland,28156,Is this country on the FCV list?,Value,0,0,0,0,0,0,0,0,0,0,0,0,0
ISL,Iceland,28157,Is the country resource rich?,Value,,,,,,,,,,,,0,
ISL,Iceland,28167,Landlocked,Yes/No,,,,,,,,,,,,0,
ISR,Israel,28150,FCV Typology - FCV,Value,,,,,,,,,,,,0,0
ISR,Israel,28151,FCS Typology - Past-FCS,Value,,,,,,,,,,,,0,0
ISR,Israel,28152,FCS Typology - Non-FCS,Value,,,,,,,,,,,,1,1
ISR,Israel,28154,SIDS,Yes/No,,,,,,,,,,,,0,
ISR,Israel,28156,Is this country on the FCV list?,Value,0,0,0,0,0,0,0,0,0,0,0,0,0
ISR,Israel,28157,Is the country resource rich?,Value,,,,,,,,,,,,0,
ISR,Israel,28167,Landlocked,Yes/No,,,,,,,,,,,,0,
ITA,Italy,28150,FCV Typology - FCV,Value,,,,,,,,,,,,0,0
ITA,Italy,28151,FCS Typology - Past-FCS,Value,,,,,,,,,,,,0,0
ITA,Italy,28152,FCS Typology - Non-FCS,Value,,,,,,,,,,,,1,1
ITA,Italy,28154,SIDS,Yes/No,,,,,,,,,,,,0,
ITA,Italy,28156,Is this country on the FCV list?,Value,0,0,0,0,0,0,0,0,0,0,0,0,0
ITA,Italy,28157,Is the country resource rich?,Value,,,,,,,,,,,,0,
ITA,Italy,28167,Landlocked,Yes/No,,,,,,,,,,,,0,
JAM,Jamaica,28150,FCV Typology - FCV,Value,,,,,,,,,,,,0,0
JAM,Jamaica,28151,FCS Typology - Past-FCS,Value,,,,,,,,,,,,0,0
JAM,Jamaica,28152,FCS Typology - Non-FCS,Value,,,,,,,,,,,,1,1
JAM,Jamaica,28154,SIDS,Yes/No,,,,,,,,,,,,1,
JAM,Jamaica,28156,Is this country on the FCV list?,Value,0,0,0,0,0,0,0,0,0,0,0,0,0
JAM,Jamaica,28157,Is the country resource rich?,Value,,,,,,,,,,,,0,
JAM,Jamaica,28167,Landlocked,Yes/No,,,,,,,,,,,,0,
JOR,Jordan,28150,FCV Typology - FCV,Value,,,,,,,,,,,,0,0
JOR,Jordan,28151,FCS Typology - Past-FCS,Value,,,,,,,,,,,,0,0
JOR,Jordan,28152,FCS Typology - Non-FCS,Value,,,,,,,,,,,,1,1
JOR,Jordan,28154,SIDS,Yes/No,,,,,,,,,,,,0,
JOR,Jordan,28156,Is this country on the FCV list?,Value,0,0,0,0,0,0,0,0,0,0,0,0,0
JOR,Jordan,28157,Is the country resource rich?,Value,,,,,,,,,,,,0,
JOR,Jordan,28167,Landlocked,Yes/No,,,,,,,,,,,,0,
JPN,Japan,28150,FCV Typology - FCV,Value,,,,,,,,,,,,0,0
JPN,Japan,28151,FCS Typology - Past-FCS,Value,,,,,,,,,,,,0,0
JPN,Japan,28152,FCS Typology - Non-FCS,Value,,,,,,,,,,,,1,1
JPN,Japan,28154,SIDS,Yes/No,,,,,,,,,,,,0,
JPN,Japan,28156,Is this country on the FCV list?,Value,0,0,0,0,0,0,0,0,0,0,0,0,0
JPN,Japan,28157,Is the country resource rich?,Value,,,,,,,,,,,,0,
JPN,Japan,28167,Landlocked,Yes/No,,,,,,,,,,,,0,
KAZ,Kazakhstan,28150,FCV Typology - FCV,Value,,,,,,,,,,,,0,0
KAZ,Kazakhstan,28151,FCS Typology - Past-FCS,Value,,,,,,,,,,,,0,0
KAZ,Kazakhstan,28152,FCS Typology - Non-FCS,Value,,,,,,,,,,,,1,1
KAZ,Kazakhstan,28154,SIDS,Yes/No,,,,,,,,,,,,0,
KAZ,Kazakhstan,28156,Is this country on the FCV list?,Value,0,0,0,0,0,0,0,0,0,0,0,0,0
KAZ,Kazakhstan,28157,Is the country resource rich?,Value,,,,,,,,,,,,1,
KAZ,Kazakhstan,28167,Landlocked,Yes/No,,,,,,,,,,,,1,
KEN,Kenya,28150,FCV Typology - FCV,Value,,,,,,,,,,,,0,0
KEN,Kenya,28151,FCS Typology - Past-FCS,Value,,,,,,,,,,,,0,0
KEN,Kenya,28152,FCS Typology - Non-FCS,Value,,,,,,,,,,,,1,1
KEN,Kenya,28154,SIDS,Yes/No,,,,,,,,,,,,0,
KEN,Kenya,28156,Is this country on the FCV list?,Value,0,0,0,0,0,0,0,0,0,0,0,0,0
KEN,Kenya,28157,Is the country resource rich?,Value,,,,,,,,,,,,0,
KEN,Kenya,28167,Landlocked,Yes/No,,,,,,,,,,,,0,
KGZ,Kyrgyz Republic,28150,FCV Typology - FCV,Value,,,,,,,,,,,,0,0
KGZ,Kyrgyz Republic,28151,FCS Typology - Past-FCS,Value,,,,,,,,,,,,0,0
KGZ,Kyrgyz Republic,28152,FCS Typology - Non-FCS,Value,,,,,,,,,,,,1,1
KGZ,Kyrgyz Republic,28154,SIDS,Yes/No,,,,,,,,,,,,0,
KGZ,Kyrgyz Republic,28156,Is this country on the FCV list?,Value,0,0,0,0,0,0,0,0,0,0,0,0,0
KGZ,Kyrgyz Republic,28157,Is the country resource rich?,Value,,,,,,,,,,,,0,
KGZ,Kyrgyz Republic,28167,Landlocked,Yes/No,,,,,,,,,,,,1,
KHM,Cambodia,28150,FCV Typology - FCV,Value,,,,,,,,,,,,0,0
KHM,Cambodia,28151,FCS Typology - Past-FCS,Value,,,,,,,,,,,,1,1
KHM,Cambodia,28152,FCS Typology - Non-FCS,Value,,,,,,,,,,,,0,0
KHM,Cambodia,28154,SIDS,Yes/No,,,,,,,,,,,,0,
KHM,Cambodia,28156,Is this country on the FCV list?,Value,1,1,1,1,0,0,0,0,0,0,0,0,0
KHM,Cambodia,28157,Is the country resource rich?,Value,,,,,,,,,,,,0,
KHM,Cambodia,28167,Landlocked,Yes/No,,,,,,,,,,,,0,
KIR,Kiribati,28150,FCV Typology - FCV,Value,,,,,,,,,,,,1,1
KIR,Kiribati,28151,FCS Typology - Past-FCS,Value,,,,,,,,,,,,0,0
KIR,Kiribati,28152,FCS Typology - Non-FCS,Value,,,,,,,,,,,,0,0
KIR,Kiribati,28154,SIDS,Yes/No,,,,,,,,,,,,1,
KIR,Kiribati,28156,Is this country on the FCV list?,Value,0,0,1,1,1,1,1,1,1,1,1,1,1
KIR,Kiribati,28157,Is the country resource rich?,Value,,,,,,,,,,,,0,
KIR,Kiribati,28167,Landlocked,Yes/No,,,,,,,,,,,,0,
KNA,St. Kitts and Nevis,28150,FCV Typology - FCV,Value,,,,,,,,,,,,0,0
KNA,St. Kitts and Nevis,28151,FCS Typology - Past-FCS,Value,,,,,,,,,,,,0,0
KNA,St. Kitts and Nevis,28152,FCS Typology - Non-FCS,Value,,,,,,,,,,,,1,1
KNA,St. Kitts and Nevis,28154,SIDS,Yes/No,,,,,,,,,,,,1,
KNA,St. Kitts and Nevis,28156,Is this country on the FCV list?,Value,0,0,0,0,0,0,0,0,0,0,0,0,0
KNA,St. Kitts and Nevis,28167,Landlocked,Yes/No,,,,,,,,,,,,0,
KOR,"Korea, Rep.",28150,FCV Typology - FCV,Value,,,,,,,,,,,,0,0
KOR,"Korea, Rep.",28151,FCS Typology - Past-FCS,Value,,,,,,,,,,,,0,0
KOR,"Korea, Rep.",28152,FCS Typology - Non-FCS,Value,,,,,,,,,,,,1,1
KOR,"Korea, Rep.",28154,SIDS,Yes/No,,,,,,,,,,,,0,
KOR,"Korea, Rep.",28156,Is this country on the FCV list?,Value,0,0,0,0,0,0,0,0,0,0,0,0,0
KOR,"Korea, Rep.",28157,Is the country resource rich?,Value,,,,,,,,,,,,0,
KOR,"Korea, Rep.",28167,Landlocked,Yes/No,,,,,,,,,,,,0,
KSV,Kosovo,28150,FCV Typology - FCV,Value,,,,,,,,,,,,1,1
KSV,Kosovo,28151,FCS Typology - Past-FCS,Value,,,,,,,,,,,,0,0
KSV,Kosovo,28152,FCS Typology - Non-FCS,Value,,,,,,,,,,,,0,0
KSV,Kosovo,28154,SIDS,Yes/No,,,,,,,,,,,,0,
KSV,Kosovo,28156,Is this country on the FCV list?,Value,1,1,1,1,1,1,1,1,1,1,1,1,1
KSV,Kosovo,28157,Is the country resource rich?,Value,,,,,,,,,,,,0,
KSV,Kosovo,28167,Landlocked,Yes/No,,,,,,,,,,,,1,
KWT,Kuwait,28150,FCV Typology - FCV,Value,,,,,,,,,,,,0,0
KWT,Kuwait,28151,FCS Typology - Past-FCS,Value,,,,,,,,,,,,0,0
KWT,Kuwait,28152,FCS Typology - Non-FCS,Value,,,,,,,,,,,,1,1
KWT,Kuwait,28154,SIDS,Yes/No,,,,,,,,,,,,0,
KWT,Kuwait,28156,Is this country on the FCV list?,Value,0,0,0,0,0,0,0,0,0,0,0,0,0
KWT,Kuwait,28157,Is the country resource rich?,Value,,,,,,,,,,,,0,
KWT,Kuwait,28167,Landlocked,Yes/No,,,,,,,,,,,,0,
LAO,Lao PDR,28150,FCV Typology - FCV,Value,,,,,,,,,,,,0,0
LAO,Lao PDR,28151,FCS Typology - Past-FCS,Value,,,,,,,,,,,,1,1
LAO,Lao PDR,28152,FCS Typology - Non-FCS,Value,,,,,,,,,,,,0,0
LAO,Lao PDR,28154,SIDS,Yes/No,,,,,,,,,,,,0,
LAO,Lao PDR,28156,Is this country on the FCV list?,Value,1,1,1,1,0,0,0,0,0,0,0,0,0
LAO,Lao PDR,28157,Is the country resource rich?,Value,,,,,,,,,,,,1,
LAO,Lao PDR,28167,Landlocked,Yes/No,,,,,,,,,,,,1,
LBN,Lebanon,28150,FCV Typology - FCV,Value,,,,,,,,,,,,1,1
LBN,Lebanon,28151,FCS Typology - Past-FCS,Value,,,,,,,,,,,,0,0
LBN,Lebanon,28152,FCS Typology - Non-FCS,Value,,,,,,,,,,,,0,0
LBN,Lebanon,28154,SIDS,Yes/No,,,,,,,,,,,,0,
LBN,Lebanon,28156,Is this country on the FCV list?,Value,0,0,0,0,0,0,0,0,0,0,1,1,1
LBN,Lebanon,28157,Is the country resource rich?,Value,,,,,,,,,,,,0,
LBN,Lebanon,28167,Landlocked,Yes/No,,,,,,,,,,,,0,
LBR,Liberia,28150,FCV Typology - FCV,Value,,,,,,,,,,,,1,1
LBR,Liberia,28151,FCS Typology - Past-FCS,Value,,,,,,,,,,,,0,0
LBR,Liberia,28152,FCS Typology - Non-FCS,Value,,,,,,,,,,,,0,0
LBR,Liberia,28154,SIDS,Yes/No,,,,,,,,,,,,0,
LBR,Liberia,28156,Is this country on the FCV list?,Value,1,1,1,1,1,1,1,1,1,1,1,1,1
LBR,Liberia,28157,Is the country resource rich?,Value,,,,,,,,,,,,1,
LBR,Liberia,28167,Landlocked,Yes/No,,,,,,,,,,,,0,
LBY,Libya,28150,FCV Typology - FCV,Value,,,,,,,,,,,,1,1
LBY,Libya,28151,FCS Typology - Past-FCS,Value,,,,,,,,,,,,0,0
LBY,Libya,28152,FCS Typology - Non-FCS,Value,,,,,,,,,,,,0,0
LBY,Libya,28154,SIDS,Yes/No,,,,,,,,,,,,0,
LBY,Libya,28156,Is this country on the FCV list?,Value,0,0,0,0,0,0,0,1,1,1,1,1,1
LBY,Libya,28157,Is the country resource rich?,Value,,,,,,,,,,,,1,
LBY,Libya,28167,Landlocked,Yes/No,,,,,,,,,,,,0,
LCA,St. Lucia,28150,FCV Typology - FCV,Value,,,,,,,,,,,,0,0
LCA,St. Lucia,28151,FCS Typology - Past-FCS,Value,,,,,,,,,,,,0,0
LCA,St. Lucia,28152,FCS Typology - Non-FCS,Value,,,,,,,,,,,,1,1
LCA,St. Lucia,28154,SIDS,Yes/No,,,,,,,,,,,,1,
LCA,St. Lucia,28156,Is this country on the FCV list?,Value,0,0,0,0,0,0,0,0,0,0,0,0,0
LCA,St. Lucia,28157,Is the country resource rich?,Value,,,,,,,,,,,,0,
LCA,St. Lucia,28167,Landlocked,Yes/No,,,,,,,,,,,,0,
LIE,Liechtenstein,28150,FCV Typology - FCV,Value,,,,,,,,,,,,,0
LIE,Liechtenstein,28151,FCS Typology - Past-FCS,Value,,,,,,,,,,,,,0
LIE,Liechtenstein,28152,FCS Typology - Non-FCS,Value,,,,,,,,,,,,,1
LIE,Liechtenstein,28156,Is this country on the FCV list?,Value,0,0,0,0,0,0,0,0,0,0,0,0,0
LKA,Sri Lanka,28150,FCV Typology - FCV,Value,,,,,,,,,,,,0,0
LKA,Sri Lanka,28151,FCS Typology - Past-FCS,Value,,,,,,,,,,,,0,0
LKA,Sri Lanka,28152,FCS Typology - Non-FCS,Value,,,,,,,,,,,,1,1
LKA,Sri Lanka,28154,SIDS,Yes/No,,,,,,,,,,,,0,
LKA,Sri Lanka,28156,Is this country on the FCV list?,Value,0,0,0,0,0,0,0,0,0,0,0,0,0
LKA,Sri Lanka,28157,Is the country resource rich?,Value,,,,,,,,,,,,0,
LKA,Sri Lanka,28167,Landlocked,Yes/No,,,,,,,,,,,,0,
LSO,Lesotho,28150,FCV Typology - FCV,Value,,,,,,,,,,,,0,0
LSO,Lesotho,28151,FCS Typology - Past-FCS,Value,,,,,,,,,,,,0,0
LSO,Lesotho,28152,FCS Typology - Non-FCS,Value,,,,,,,,,,,,1,1
LSO,Lesotho,28154,SIDS,Yes/No,,,,,,,,,,,,0,
LSO,Lesotho,28156,Is this country on the FCV list?,Value,0,0,0,0,0,0,0,0,0,0,0,0,0
LSO,Lesotho,28157,Is the country resource rich?,Value,,,,,,,,,,,,0,
LSO,Lesotho,28167,Landlocked,Yes/No,,,,,,,,,,,,1,
LTU,Lithuania,28150,FCV Typology - FCV,Value,,,,,,,,,,,,0,0
LTU,Lithuania,28151,FCS Typology - Past-FCS,Value,,,,,,,,,,,,0,0
LTU,Lithuania,28152,FCS Typology - Non-FCS,Value,,,,,,,,,,,,1,1
LTU,Lithuania,28154,SIDS,Yes/No,,,,,,,,,,,,0,
LTU,Lithuania,28156,Is this country on the FCV list?,Value,0,0,0,0,0,0,0,0,0,0,0,0,0
LTU,Lithuania,28157,Is the country resource rich?,Value,,,,,,,,,,,,0,
LTU,Lithuania,28167,Landlocked,Yes/No,,,,,,,,,,,,0,
LUX,Luxembourg,28150,FCV Typology - FCV,Value,,,,,,,,,,,,0,0
LUX,Luxembourg,28151,FCS Typology - Past-FCS,Value,,,,,,,,,,,,0,0
LUX,Luxembourg,28152,FCS Typology - Non-FCS,Value,,,,,,,,,,,,1,1
LUX,Luxembourg,28154,SIDS,Yes/No,,,,,,,,,,,,0,
LUX,Luxembourg,28156,Is this country on the FCV list?,Value,0,0,0,0,0,0,0,0,0,0,0,0,0
LUX,Luxembourg,28157,Is the country resource rich?,Value,,,,,,,,,,,,0,
LUX,Luxembourg,28167,Landlocked,Yes/No,,,,,,,,,,,,1,
LVA,Latvia,28150,FCV Typology - FCV,Value,,,,,,,,,,,,0,0
LVA,Latvia,28151,FCS Typology - Past-FCS,Value,,,,,,,,,,,,0,0
LVA,Latvia,28152,FCS Typology - Non-FCS,Value,,,,,,,,,,,,1,1
LVA,Latvia,28154,SIDS,Yes/No,,,,,,,,,,,,0,
LVA,Latvia,28156,Is this country on the FCV list?,Value,0,0,0,0,0,0,0,0,0,0,0,0,0
LVA,Latvia,28157,Is the country resource rich?,Value,,,,,,,,,,,,0,
LVA,Latvia,28167,Landlocked,Yes/No,,,,,,,,,,,,0,
MAC,"Macao SAR, China",28150,FCV Typology - FCV,Value,,,,,,,,,,,,0,0
MAC,"Macao SAR, China",28151,FCS Typology - Past-FCS,Value,,,,,,,,,,,,0,0
MAC,"Macao SAR, China",28152,FCS Typology - Non-FCS,Value,,,,,,,,,,,,1,1
MAC,"Macao SAR, China",28154,SIDS,Yes/No,,,,,,,,,,,,0,
MAC,"Macao SAR, China",28156,Is this country on the FCV list?,Value,0,0,0,0,0,0,0,0,0,0,0,0,0
MAC,"Macao SAR, China",28157,Is the country resource rich?,Value,,,,,,,,,,,,0,
MAC,"Macao SAR, China",28167,Landlocked,Yes/No,,,,,,,,,,,,0,
MAF,St. Martin (French part),28150,FCV Typology - FCV,Value,,,,,,,,,,,,,0
MAF,St. Martin (French part),28151,FCS Typology - Past-FCS,Value,,,,,,,,,,,,,0
MAF,St. Martin (French part),28152,FCS Typology - Non-FCS,Value,,,,,,,,,,,,,1
MAF,St. Martin (French part),28156,Is this country on the FCV list?,Value,0,0,0,0,0,0,0,0,0,0,0,0,0
MAR,Morocco,28150,FCV Typology - FCV,Value,,,,,,,,,,,,0,0
MAR,Morocco,28151,FCS Typology - Past-FCS,Value,,,,,,,,,,,,0,0
MAR,Morocco,28152,FCS Typology - Non-FCS,Value,,,,,,,,,,,,1,1
MAR,Morocco,28154,SIDS,Yes/No,,,,,,,,,,,,0,
MAR,Morocco,28156,Is this country on the FCV list?,Value,0,0,0,0,0,0,0,0,0,0,0,0,0
MAR,Morocco,28157,Is the country resource rich?,Value,,,,,,,,,,,,0,
MAR,Morocco,28167,Landlocked,Yes/No,,,,,,,,,,,,0,
MCO,Monaco,28150,FCV Typology - FCV,Value,,,,,,,,,,,,,0
MCO,Monaco,28151,FCS Typology - Past-FCS,Value,,,,,,,,,,,,,0
MCO,Monaco,28152,FCS Typology - Non-FCS,Value,,,,,,,,,,,,,1
MCO,Monaco,28156,Is this country on the FCV list?,Value,0,0,0,0,0,0,0,0,0,0,0,0,0
MDA,Moldova,28150,FCV Typology - FCV,Value,,,,,,,,,,,,0,0
MDA,Moldova,28151,FCS Typology - Past-FCS,Value,,,,,,,,,,,,0,0
MDA,Moldova,28152,FCS Typology - Non-FCS,Value,,,,,,,,,,,,1,1
MDA,Moldova,28154,SIDS,Yes/No,,,,,,,,,,,,0,
MDA,Moldova,28156,Is this country on the FCV list?,Value,0,0,0,0,0,0,0,0,0,0,0,0,0
MDA,Moldova,28157,Is the country resource rich?,Value,,,,,,,,,,,,0,
MDA,Moldova,28167,Landlocked,Yes/No,,,,,,,,,,,,1,
MDG,Madagascar,28150,FCV Typology - FCV,Value,,,,,,,,,,,,1,1
MDG,Madagascar,28151,FCS Typology - Past-FCS,Value,,,,,,,,,,,,0,0
MDG,Madagascar,28152,FCS Typology - Non-FCS,Value,,,,,,,,,,,,0,0
MDG,Madagascar,28154,SIDS,Yes/No,,,,,,,,,,,,0,
MDG,Madagascar,28156,Is this country on the FCV list?,Value,0,0,0,0,0,0,0,0,1,1,1,1,0
MDG,Madagascar,28157,Is the country resource rich?,Value,,,,,,,,,,,,0,
MDG,Madagascar,28167,Landlocked,Yes/No,,,,,,,,,,,,0,
MDV,Maldives,28150,FCV Typology - FCV,Value,,,,,,,,,,,,0,0
MDV,Maldives,28151,FCS Typology - Past-FCS,Value,,,,,,,,,,,,0,0
MDV,Maldives,28152,FCS Typology - Non-FCS,Value,,,,,,,,,,,,1,1
MDV,Maldives,28154,SIDS,Yes/No,,,,,,,,,,,,1,
MDV,Maldives,28156,Is this country on the FCV list?,Value,0,0,0,0,0,0,0,0,0,0,0,0,0
MDV,Maldives,28157,Is the country resource rich?,Value,,,,,,,,,,,,0,
MDV,Maldives,28167,Landlocked,Yes/No,,,,,,,,,,,,0,
MEX,Mexico,28150,FCV Typology - FCV,Value,,,,,,,,,,,,0,0
MEX,Mexico,28151,FCS Typology - Past-FCS,Value,,,,,,,,,,,,0,0
MEX,Mexico,28152,FCS Typology - Non-FCS,Value,,,,,,,,,,,,1,1
MEX,Mexico,28154,SIDS,Yes/No,,,,,,,,,,,,0,
MEX,Mexico,28156,Is this country on the FCV list?,Value,0,0,0,0,0,0,0,0,0,0,0,0,0
MEX,Mexico,28157,Is the country resource rich?,Value,,,,,,,,,,,,0,
MEX,Mexico,28167,Landlocked,Yes/No,,,,,,,,,,,,0,
MHL,Marshall Islands,28150,FCV Typology - FCV,Value,,,,,,,,,,,,1,1
MHL,Marshall Islands,28151,FCS Typology - Past-FCS,Value,,,,,,,,,,,,0,0
MHL,Marshall Islands,28152,FCS Typology - Non-FCS,Value,,,,,,,,,,,,0,0
MHL,Marshall Islands,28154,SIDS,Yes/No,,,,,,,,,,,,1,
MHL,Marshall Islands,28156,Is this country on the FCV list?,Value,0,0,0,0,0,0,1,1,1,1,1,1,1
MHL,Marshall Islands,28167,Landlocked,Yes/No,,,,,,,,,,,,0,
MKD,"Macedonia, FYR",28150,FCV Typology - FCV,Value,,,,,,,,,,,,0,0
MKD,"Macedonia, FYR",28151,FCS Typology - Past-FCS,Value,,,,,,,,,,,,0,0
MKD,"Macedonia, FYR",28152,FCS Typology - Non-FCS,Value,,,,,,,,,,,,1,1
MKD,"Macedonia, FYR",28154,SIDS,Yes/No,,,,,,,,,,,,0,
MKD,"Macedonia, FYR",28156,Is this country on the FCV list?,Value,0,0,0,0,0,0,0,0,0,0,0,0,0
MKD,"Macedonia, FYR",28157,Is the country resource rich?,Value,,,,,,,,,,,,0,
MKD,"Macedonia, FYR",28167,Landlocked,Yes/No,,,,,,,,,,,,1,
MLI,Mali,28150,FCV Typology - FCV,Value,,,,,,,,,,,,1,1
MLI,Mali,28151,FCS Typology - Past-FCS,Value,,,,,,,,,,,,0,0
MLI,Mali,28152,FCS Typology - Non-FCS,Value,,,,,,,,,,,,0,0
MLI,Mali,28154,SIDS,Yes/No,,,,,,,,,,,,0,
MLI,Mali,28156,Is this country on the FCV list?,Value,0,0,0,0,0,0,0,0,1,1,1,1,1
MLI,Mali,28157,Is the country resource rich?,Value,,,,,,,,,,,,1,
MLI,Mali,28167,Landlocked,Yes/No,,,,,,,,,,,,1,
MLT,Malta,28150,FCV Typology - FCV,Value,,,,,,,,,,,,0,0
MLT,Malta,28151,FCS Typology - Past-FCS,Value,,,,,,,,,,,,0,0
MLT,Malta,28152,FCS Typology - Non-FCS,Value,,,,,,,,,,,,1,1
MLT,Malta,28154,SIDS,Yes/No,,,,,,,,,,,,0,
MLT,Malta,28156,Is this country on the FCV list?,Value,0,0,0,0,0,0,0,0,0,0,0,0,0
MLT,Malta,28167,Landlocked,Yes/No,,,,,,,,,,,,0,
MMR,Myanmar,28150,FCV Typology - FCV,Value,,,,,,,,,,,,1,1
MMR,Myanmar,28151,FCS Typology - Past-FCS,Value,,,,,,,,,,,,0,0
MMR,Myanmar,28152,FCS Typology - Non-FCS,Value,,,,,,,,,,,,0,0
MMR,Myanmar,28154,SIDS,Yes/No,,,,,,,,,,,,0,
MMR,Myanmar,28156,Is this country on the FCV list?,Value,1,1,1,1,1,1,1,1,1,1,1,1,1
MMR,Myanmar,28157,Is the country resource rich?,Value,,,,,,,,,,,,0,
MMR,Myanmar,28167,Landlocked,Yes/No,,,,,,,,,,,,0,
MNE,Montenegro,28150,FCV Typology - FCV,Value,,,,,,,,,,,,0,0
MNE,Montenegro,28151,FCS Typology - Past-FCS,Value,,,,,,,,,,,,0,0
MNE,Montenegro,28152,FCS Typology - Non-FCS,Value,,,,,,,,,,,,1,1
MNE,Montenegro,28154,SIDS,Yes/No,,,,,,,,,,,,0,
MNE,Montenegro,28156,Is this country on the FCV list?,Value,0,0,0,0,0,0,0,0,0,0,0,0,0
MNE,Montenegro,28157,Is the country resource rich?,Value,,,,,,,,,,,,0,
MNE,Montenegro,28167,Landlocked,Yes/No,,,,,,,,,,,,0,
MNG,Mongolia,28150,FCV Typology - FCV,Value,,,,,,,,,,,,0,0
MNG,Mongolia,28151,FCS Typology - Past-FCS,Value,,,,,,,,,,,,0,0
MNG,Mongolia,28152,FCS Typology - Non-FCS,Value,,,,,,,,,,,,1,1
MNG,Mongolia,28154,SIDS,Yes/No,,,,,,,,,,,,0,
MNG,Mongolia,28156,Is this country on the FCV list?,Value,0,0,0,0,0,0,0,0,0,0,0,0,0
MNG,Mongolia,28157,Is the country resource rich?,Value,,,,,,,,,,,,1,
MNG,Mongolia,28167,Landlocked,Yes/No,,,,,,,,,,,,1,
MNP,Northern Mariana Islands,28150,FCV Typology - FCV,Value,,,,,,,,,,,,,0
MNP,Northern Mariana Islands,28151,FCS Typology - Past-FCS,Value,,,,,,,,,,,,,0
MNP,Northern Mariana Islands,28152,FCS Typology - Non-FCS,Value,,,,,,,,,,,,,1
MNP,Northern Mariana Islands,28156,Is this country on the FCV list?,Value,0,0,0,0,0,0,0,0,0,0,0,0,0
MOZ,Mozambique,28150,FCV Typology - FCV,Value,,,,,,,,,,,,0,1
MOZ,Mozambique,28151,FCS Typology - Past-FCS,Value,,,,,,,,,,,,0,0
MOZ,Mozambique,28152,FCS Typology - Non-FCS,Value,,,,,,,,,,,,1,0
MOZ,Mozambique,28154,SIDS,Yes/No,,,,,,,,,,,,0,
MOZ,Mozambique,28156,Is this country on the FCV list?,Value,0,0,0,0,0,0,0,0,0,0,0,0,1
MOZ,Mozambique,28157,Is the country resource rich?,Value,,,,,,,,,,,,1,
MOZ,Mozambique,28167,Landlocked,Yes/No,,,,,,,,,,,,0,
MRT,Mauritania,28150,FCV Typology - FCV,Value,,,,,,,,,,,,0,0
MRT,Mauritania,28151,FCS Typology - Past-FCS,Value,,,,,,,,,,,,1,1
MRT,Mauritania,28152,FCS Typology - Non-FCS,Value,,,,,,,,,,,,0,0
MRT,Mauritania,28154,SIDS,Yes/No,,,,,,,,,,,,0,
MRT,Mauritania,28156,Is this country on the FCV list?,Value,0,1,0,0,0,0,0,0,0,0,0,0,0
MRT,Mauritania,28157,Is the country resource rich?,Value,,,,,,,,,,,,1,
MRT,Mauritania,28167,Landlocked,Yes/No,,,,,,,,,,,,0,
MUS,Mauritius,28150,FCV Typology - FCV,Value,,,,,,,,,,,,0,0
MUS,Mauritius,28151,FCS Typology - Past-FCS,Value,,,,,,,,,,,,0,0
MUS,Mauritius,28152,FCS Typology - Non-FCS,Value,,,,,,,,,,,,1,1
MUS,Mauritius,28154,SIDS,Yes/No,,,,,,,,,,,,1,
MUS,Mauritius,28156,Is this country on the FCV list?,Value,0,0,0,0,0,0,0,0,0,0,0,0,0
MUS,Mauritius,28157,Is the country resource rich?,Value,,,,,,,,,,,,0,
MUS,Mauritius,28167,Landlocked,Yes/No,,,,,,,,,,,,0,
MWI,Malawi,28150,FCV Typology - FCV,Value,,,,,,,,,,,,1,0
MWI,Malawi,28151,FCS Typology - Past-FCS,Value,,,,,,,,,,,,0,1
MWI,Malawi,28152,FCS Typology - Non-FCS,Value,,,,,,,,,,,,0,0
MWI,Malawi,28154,SIDS,Yes/No,,,,,,,,,,,,0,
MWI,Malawi,28156,Is this country on the FCV list?,Value,0,0,0,0,0,0,0,0,1,0,0,0,0
MWI,Malawi,28157,Is the country resource rich?,Value,,,,,,,,,,,,1,
MWI,Malawi,28167,Landlocked,Yes/No,,,,,,,,,,,,1,
MYS,Malaysia,28150,FCV Typology - FCV,Value,,,,,,,,,,,,0,0
MYS,Malaysia,28151,FCS Typology - Past-FCS,Value,,,,,,,,,,,,0,0
MYS,Malaysia,28152,FCS Typology - Non-FCS,Value,,,,,,,,,,,,1,1
MYS,Malaysia,28154,SIDS,Yes/No,,,,,,,,,,,,0,
MYS,Malaysia,28156,Is this country on the FCV list?,Value,0,0,0,0,0,0,0,0,0,0,0,0,0
MYS,Malaysia,28157,Is the country resource rich?,Value,,,,,,,,,,,,1,
MYS,Malaysia,28167,Landlocked,Yes/No,,,,,,,,,,,,0,
NAM,Namibia,28150,FCV Typology - FCV,Value,,,,,,,,,,,,0,0
NAM,Namibia,28151,FCS Typology - Past-FCS,Value,,,,,,,,,,,,0,0
NAM,Namibia,28152,FCS Typology - Non-FCS,Value,,,,,,,,,,,,1,1
NAM,Namibia,28154,SIDS,Yes/No,,,,,,,,,,,,0,
NAM,Namibia,28156,Is this country on the FCV list?,Value,0,0,0,0,0,0,0,0,0,0,0,0,0
NAM,Namibia,28157,Is the country resource rich?,Value,,,,,,,,,,,,0,
NAM,Namibia,28167,Landlocked,Yes/No,,,,,,,,,,,,0,
NCL,New Caledonia,28150,FCV Typology - FCV,Value,,,,,,,,,,,,,0
NCL,New Caledonia,28151,FCS Typology - Past-FCS,Value,,,,,,,,,,,,,0
NCL,New Caledonia,28152,FCS Typology - Non-FCS,Value,,,,,,,,,,,,,1
NCL,New Caledonia,28156,Is this country on the FCV list?,Value,0,0,0,0,0,0,0,0,0,0,0,0,0
NER,Niger,28150,FCV Typology - FCV,Value,,,,,,,,,,,,0,0
NER,Niger,28151,FCS Typology - Past-FCS,Value,,,,,,,,,,,,0,0
NER,Niger,28152,FCS Typology - Non-FCS,Value,,,,,,,,,,,,1,1
NER,Niger,28154,SIDS,Yes/No,,,,,,,,,,,,0,
NER,Niger,28156,Is this country on the FCV list?,Value,0,0,0,0,0,0,0,0,0,0,0,0,0
NER,Niger,28157,Is the country resource rich?,Value,,,,,,,,,,,,1,
NER,Niger,28167,Landlocked,Yes/No,,,,,,,,,,,,1,
NGA,Nigeria,28150,FCV Typology - FCV,Value,,,,,,,,,,,,0,0
NGA,Nigeria,28151,FCS Typology - Past-FCS,Value,,,,,,,,,,,,1,1
NGA,Nigeria,28152,FCS Typology - Non-FCS,Value,,,,,,,,,,,,0,0
NGA,Nigeria,28154,SIDS,Yes/No,,,,,,,,,,,,0,
NGA,Nigeria,28156,Is this country on the FCV list?,Value,1,1,0,0,0,0,0,0,0,0,0,0,0
NGA,Nigeria,28157,Is the country resource rich?,Value,,,,,,,,,,,,1,
NGA,Nigeria,28167,Landlocked,Yes/No,,,,,,,,,,,,0,
NIC,Nicaragua,28150,FCV Typology - FCV,Value,,,,,,,,,,,,0,0
NIC,Nicaragua,28151,FCS Typology - Past-FCS,Value,,,,,,,,,,,,0,0
NIC,Nicaragua,28152,FCS Typology - Non-FCS,Value,,,,,,,,,,,,1,1
NIC,Nicaragua,28154,SIDS,Yes/No,,,,,,,,,,,,0,
NIC,Nicaragua,28156,Is this country on the FCV list?,Value,0,0,0,0,0,0,0,0,0,0,0,0,0
NIC,Nicaragua,28157,Is the country resource rich?,Value,,,,,,,,,,,,0,
NIC,Nicaragua,28167,Landlocked,Yes/No,,,,,,,,,,,,0,
NLD,Netherlands,28150,FCV Typology - FCV,Value,,,,,,,,,,,,0,0
NLD,Netherlands,28151,FCS Typology - Past-FCS,Value,,,,,,,,,,,,0,0
NLD,Netherlands,28152,FCS Typology - Non-FCS,Value,,,,,,,,,,,,1,1
NLD,Netherlands,28154,SIDS,Yes/No,,,,,,,,,,,,0,
NLD,Netherlands,28156,Is this country on the FCV list?,Value,0,0,0,0,0,0,0,0,0,0,0,0,0
NLD,Netherlands,28167,Landlocked,Yes/No,,,,,,,,,,,,0,
NOR,Norway,28150,FCV Typology - FCV,Value,,,,,,,,,,,,0,0
NOR,Norway,28151,FCS Typology - Past-FCS,Value,,,,,,,,,,,,0,0
NOR,Norway,28152,FCS Typology - Non-FCS,Value,,,,,,,,,,,,1,1
NOR,Norway,28154,SIDS,Yes/No,,,,,,,,,,,,0,
NOR,Norway,28156,Is this country on the FCV list?,Value,0,0,0,0,0,0,0,0,0,0,0,0,0
NOR,Norway,28167,Landlocked,Yes/No,,,,,,,,,,,,0,
NPL,Nepal,28150,FCV Typology - FCV,Value,,,,,,,,,,,,1,0
NPL,Nepal,28151,FCS Typology - Past-FCS,Value,,,,,,,,,,,,0,1
NPL,Nepal,28152,FCS Typology - Non-FCS,Value,,,,,,,,,,,,0,0
NPL,Nepal,28154,SIDS,Yes/No,,,,,,,,,,,,0,
NPL,Nepal,28156,Is this country on the FCV list?,Value,0,0,0,0,1,1,1,1,1,0,0,0,0
NPL,Nepal,28157,Is the country resource rich?,Value,,,,,,,,,,,,0,
NPL,Nepal,28167,Landlocked,Yes/No,,,,,,,,,,,,1,
NRU,Nauru,28150,FCV Typology - FCV,Value,,,,,,,,,,,,,0
NRU,Nauru,28151,FCS Typology - Past-FCS,Value,,,,,,,,,,,,,0
NRU,Nauru,28152,FCS Typology - Non-FCS,Value,,,,,,,,,,,,,1
NRU,Nauru,28156,Is this country on the FCV list?,Value,0,0,0,0,0,0,0,0,0,0,0,0,0
NZL,New Zealand,28150,FCV Typology - FCV,Value,,,,,,,,,,,,0,0
NZL,New Zealand,28151,FCS Typology - Past-FCS,Value,,,,,,,,,,,,0,0
NZL,New Zealand,28152,FCS Typology - Non-FCS,Value,,,,,,,,,,,,1,1
NZL,New Zealand,28154,SIDS,Yes/No,,,,,,,,,,,,0,
NZL,New Zealand,28156,Is this country on the FCV list?,Value,0,0,0,0,0,0,0,0,0,0,0,0,0
NZL,New Zealand,28167,Landlocked,Yes/No,,,,,,,,,,,,0,
OMN,Oman,28150,FCV Typology - FCV,Value,,,,,,,,,,,,0,0
OMN,Oman,28151,FCS Typology - Past-FCS,Value,,,,,,,,,,,,0,0
OMN,Oman,28152,FCS Typology - Non-FCS,Value,,,,,,,,,,,,1,1
OMN,Oman,28154,SIDS,Yes/No,,,,,,,,,,,,0,
OMN,Oman,28156,Is this country on the FCV list?,Value,0,0,0,0,0,0,0,0,0,0,0,0,0
OMN,Oman,28167,Landlocked,Yes/No,,,,,,,,,,,,0,
PAK,Pakistan,28150,FCV Typology - FCV,Value,,,,,,,,,,,,0,0
PAK,Pakistan,28151,FCS Typology - Past-FCS,Value,,,,,,,,,,,,0,0
PAK,Pakistan,28152,FCS Typology - Non-FCS,Value,,,,,,,,,,,,1,1
PAK,Pakistan,28154,SIDS,Yes/No,,,,,,,,,,,,0,
PAK,Pakistan,28156,Is this country on the FCV list?,Value,0,0,0,0,0,0,0,0,0,0,0,0,0
PAK,Pakistan,28157,Is the country resource rich?,Value,,,,,,,,,,,,0,
PAK,Pakistan,28167,Landlocked,Yes/No,,,,,,,,,,,,0,
PAN,Panama,28150,FCV Typology - FCV,Value,,,,,,,,,,,,0,0
PAN,Panama,28151,FCS Typology - Past-FCS,Value,,,,,,,,,,,,0,0
PAN,Panama,28152,FCS Typology - Non-FCS,Value,,,,,,,,,,,,1,1
PAN,Panama,28154,SIDS,Yes/No,,,,,,,,,,,,0,
PAN,Panama,28156,Is this country on the FCV list?,Value,0,0,0,0,0,0,0,0,0,0,0,0,0
PAN,Panama,28157,Is the country resource rich?,Value,,,,,,,,,,,,0,
PAN,Panama,28167,Landlocked,Yes/No,,,,,,,,,,,,0,
PER,Peru,28150,FCV Typology - FCV,Value,,,,,,,,,,,,0,0
PER,Peru,28151,FCS Typology - Past-FCS,Value,,,,,,,,,,,,0,0
PER,Peru,28152,FCS Typology - Non-FCS,Value,,,,,,,,,,,,1,1
PER,Peru,28154,SIDS,Yes/No,,,,,,,,,,,,0,
PER,Peru,28156,Is this country on the FCV list?,Value,0,0,0,0,0,0,0,0,0,0,0,0,0
PER,Peru,28157,Is the country resource rich?,Value,,,,,,,,,,,,1,
PER,Peru,28167,Landlocked,Yes/No,,,,,,,,,,,,0,
PHL,Philippines,28150,FCV Typology - FCV,Value,,,,,,,,,,,,0,0
PHL,Philippines,28151,FCS Typology - Past-FCS,Value,,,,,,,,,,,,0,0
PHL,Philippines,28152,FCS Typology - Non-FCS,Value,,,,,,,,,,,,1,1
PHL,Philippines,28154,SIDS,Yes/No,,,,,,,,,,,,0,
PHL,Philippines,28156,Is this country on the FCV list?,Value,0,0,0,0,0,0,0,0,0,0,0,0,0
PHL,Philippines,28157,Is the country resource rich?,Value,,,,,,,,,,,,0,
PHL,Philippines,28167,Landlocked,Yes/No,,,,,,,,,,,,0,
PLW,Palau,28150,FCV Typology - FCV,Value,,,,,,,,,,,,0,0
PLW,Palau,28151,FCS Typology - Past-FCS,Value,,,,,,,,,,,,0,0
PLW,Palau,28152,FCS Typology - Non-FCS,Value,,,,,,,,,,,,1,1
PLW,Palau,28154,SIDS,Yes/No,,,,,,,,,,,,1,
PLW,Palau,28156,Is this country on the FCV list?,Value,0,0,0,0,0,0,0,0,0,0,0,0,0
PLW,Palau,28167,Landlocked,Yes/No,,,,,,,,,,,,0,
PNG,Papua New Guinea,28150,FCV Typology - FCV,Value,,,,,,,,,,,,1,1
PNG,Papua New Guinea,28151,FCS Typology - Past-FCS,Value,,,,,,,,,,,,0,0
PNG,Papua New Guinea,28152,FCS Typology - Non-FCS,Value,,,,,,,,,,,,0,0
PNG,Papua New Guinea,28154,SIDS,Yes/No,,,,,,,,,,,,1,
PNG,Papua New Guinea,28156,Is this country on the FCV list?,Value,1,1,1,0,1,0,0,0,0,0,0,1,1
PNG,Papua New Guinea,28157,Is the country resource rich?,Value,,,,,,,,,,,,1,
PNG,Papua New Guinea,28167,Landlocked,Yes/No,,,,,,,,,,,,0,
POL,Poland,28150,FCV Typology - FCV,Value,,,,,,,,,,,,0,0
POL,Poland,28151,FCS Typology - Past-FCS,Value,,,,,,,,,,,,0,0
POL,Poland,28152,FCS Typology - Non-FCS,Value,,,,,,,,,,,,1,1
POL,Poland,28154,SIDS,Yes/No,,,,,,,,,,,,0,
POL,Poland,28156,Is this country on the FCV list?,Value,0,0,0,0,0,0,0,0,0,0,0,0,0
POL,Poland,28167,Landlocked,Yes/No,,,,,,,,,,,,0,
PRI,Puerto Rico,28150,FCV Typology - FCV,Value,,,,,,,,,,,,0,0
PRI,Puerto Rico,28151,FCS Typology - Past-FCS,Value,,,,,,,,,,,,0,0
PRI,Puerto Rico,28152,FCS Typology - Non-FCS,Value,,,,,,,,,,,,1,1
PRI,Puerto Rico,28154,SIDS,Yes/No,,,,,,,,,,,,1,
PRI,Puerto Rico,28156,Is this country on the FCV list?,Value,0,0,0,0,0,0,0,0,0,0,0,0,0
PRI,Puerto Rico,28167,Landlocked,Yes/No,,,,,,,,,,,,0,
PRK,"Korea, Dem. Peoples Rep.",28150,FCV Typology - FCV,Value,,,,,,,,,,,,,0
PRK,"Korea, Dem. Peoples Rep.",28151,FCS Typology - Past-FCS,Value,,,,,,,,,,,,,0
PRK,"Korea, Dem. Peoples Rep.",28152,FCS Typology - Non-FCS,Value,,,,,,,,,,,,,1
PRK,"Korea, Dem. Peoples Rep.",28156,Is this country on the FCV list?,Value,0,0,0,0,0,0,0,0,0,0,0,0,0
PRT,Portugal,28150,FCV Typology - FCV,Value,,,,,,,,,,,,0,0
PRT,Portugal,28151,FCS Typology - Past-FCS,Value,,,,,,,,,,,,0,0
PRT,Portugal,28152,FCS Typology - Non-FCS,Value,,,,,,,,,,,,1,1
PRT,Portugal,28154,SIDS,Yes/No,,,,,,,,,,,,0,
PRT,Portugal,28156,Is this country on the FCV list?,Value,0,0,0,0,0,0,0,0,0,0,0,0,0
PRT,Portugal,28167,Landlocked,Yes/No,,,,,,,,,,,,0,
PRY,Paraguay,28150,FCV Typology - FCV,Value,,,,,,,,,,,,0,0
PRY,Paraguay,28151,FCS Typology - Past-FCS,Value,,,,,,,,,,,,0,0
PRY,Paraguay,28152,FCS Typology - Non-FCS,Value,,,,,,,,,,,,1,1
PRY,Paraguay,28154,SIDS,Yes/No,,,,,,,,,,,,0,
PRY,Paraguay,28156,Is this country on the FCV list?,Value,0,0,0,0,0,0,0,0,0,0,0,0,0
PRY,Paraguay,28157,Is the country resource rich?,Value,,,,,,,,,,,,0,
PRY,Paraguay,28167,Landlocked,Yes/No,,,,,,,,,,,,1,
PSE,West Bank and Gaza,28150,FCV Typology - FCV,Value,,,,,,,,,,,,1,1
PSE,West Bank and Gaza,28151,FCS Typology - Past-FCS,Value,,,,,,,,,,,,0,0
PSE,West Bank and Gaza,28152,FCS Typology - Non-FCS,Value,,,,,,,,,,,,0,0
PSE,West Bank and Gaza,28154,SIDS,Yes/No,,,,,,,,,,,,0,
PSE,West Bank and Gaza,28156,Is this country on the FCV list?,Value,1,1,1,1,1,1,1,1,1,1,1,1,1
PSE,West Bank and Gaza,28157,Is the country resource rich?,Value,,,,,,,,,,,,0,
PSE,West Bank and Gaza,28167,Landlocked,Yes/No,,,,,,,,,,,,0,
PYF,French Polynesia,28150,FCV Typology - FCV,Value,,,,,,,,,,,,,0
PYF,French Polynesia,28151,FCS Typology - Past-FCS,Value,,,,,,,,,,,,,0
PYF,French Polynesia,28152,FCS Typology - Non-FCS,Value,,,,,,,,,,,,,1
PYF,French Polynesia,28156,Is this country on the FCV list?,Value,0,0,0,0,0,0,0,0,0,0,0,0,0
QAT,Qatar,28150,FCV Typology - FCV,Value,,,,,,,,,,,,0,0
QAT,Qatar,28151,FCS Typology - Past-FCS,Value,,,,,,,,,,,,0,0
QAT,Qatar,28152,FCS Typology - Non-FCS,Value,,,,,,,,,,,,1,1
QAT,Qatar,28154,SIDS,Yes/No,,,,,,,,,,,,0,
QAT,Qatar,28156,Is this country on the FCV list?,Value,0,0,0,0,0,0,0,0,0,0,0,0,0
QAT,Qatar,28167,Landlocked,Yes/No,,,,,,,,,,,,0,
ROU,Romania,28150,FCV Typology - FCV,Value,,,,,,,,,,,,0,0
ROU,Romania,28151,FCS Typology - Past-FCS,Value,,,,,,,,,,,,0,0
ROU,Romania,28152,FCS Typology - Non-FCS,Value,,,,,,,,,,,,1,1
ROU,Romania,28154,SIDS,Yes/No,,,,,,,,,,,,0,
ROU,Romania,28156,Is this country on the FCV list?,Value,0,0,0,0,0,0,0,0,0,0,0,0,0
ROU,Romania,28157,Is the country resource rich?,Value,,,,,,,,,,,,0,
ROU,Romania,28167,Landlocked,Yes/No,,,,,,,,,,,,0,
RUS,Russian Federation,28150,FCV Typology - FCV,Value,,,,,,,,,,,,0,0
RUS,Russian Federation,28151,FCS Typology - Past-FCS,Value,,,,,,,,,,,,0,0
RUS,Russian Federation,28152,FCS Typology - Non-FCS,Value,,,,,,,,,,,,1,1
RUS,Russian Federation,28154,SIDS,Yes/No,,,,,,,,,,,,0,
RUS,Russian Federation,28156,Is this country on the FCV list?,Value,0,0,0,0,0,0,0,0,0,0,0,0,0
RUS,Russian Federation,28157,Is the country resource rich?,Value,,,,,,,,,,,,1,
RUS,Russian Federation,28167,Landlocked,Yes/No,,,,,,,,,,,,0,
RWA,Rwanda,28150,FCV Typology - FCV,Value,,,,,,,,,,,,0,0
RWA,Rwanda,28151,FCS Typology - Past-FCS,Value,,,,,,,,,,,,0,0
RWA,Rwanda,28152,FCS Typology - Non-FCS,Value,,,,,,,,,,,,1,1
RWA,Rwanda,28154,SIDS,Yes/No,,,,,,,,,,,,0,
RWA,Rwanda,28156,Is this country on the FCV list?,Value,0,0,0,0,0,0,0,0,0,0,0,0,0
RWA,Rwanda,28157,Is the country resource rich?,Value,,,,,,,,,,,,0,
RWA,Rwanda,28167,Landlocked,Yes/No,,,,,,,,,,,,1,
SAU,Saudi Arabia,28150,FCV Typology - FCV,Value,,,,,,,,,,,,0,0
SAU,Saudi Arabia,28151,FCS Typology - Past-FCS,Value,,,,,,,,,,,,0,0
SAU,Saudi Arabia,28152,FCS Typology - Non-FCS,Value,,,,,,,,,,,,1,1
SAU,Saudi Arabia,28154,SIDS,Yes/No,,,,,,,,,,,,0,
SAU,Saudi Arabia,28156,Is this country on the FCV list?,Value,0,0,0,0,0,0,0,0,0,0,0,0,0
SAU,Saudi Arabia,28167,Landlocked,Yes/No,,,,,,,,,,,,0,
SDN,Sudan,28150,FCV Typology - FCV,Value,,,,,,,,,,,,1,1
SDN,Sudan,28151,FCS Typology - Past-FCS,Value,,,,,,,,,,,,0,0
SDN,Sudan,28152,FCS Typology - Non-FCS,Value,,,,,,,,,,,,0,0
SDN,Sudan,28154,SIDS,Yes/No,,,,,,,,,,,,0,
SDN,Sudan,28156,Is this country on the FCV list?,Value,1,1,1,1,1,1,1,1,1,1,1,1,1
SDN,Sudan,28157,Is the country resource rich?,Value,,,,,,,,,,,,0,
SDN,Sudan,28167,Landlocked,Yes/No,,,,,,,,,,,,0,
SEN,Senegal,28150,FCV Typology - FCV,Value,,,,,,,,,,,,0,0
SEN,Senegal,28151,FCS Typology - Past-FCS,Value,,,,,,,,,,,,0,0
SEN,Senegal,28152,FCS Typology - Non-FCS,Value,,,,,,,,,,,,1,1
SEN,Senegal,28154,SIDS,Yes/No,,,,,,,,,,,,0,
SEN,Senegal,28156,Is this country on the FCV list?,Value,0,0,0,0,0,0,0,0,0,0,0,0,0
SEN,Senegal,28157,Is the country resource rich?,Value,,,,,,,,,,,,0,
SEN,Senegal,28167,Landlocked,Yes/No,,,,,,,,,,,,0,
SGP,Singapore,28150,FCV Typology - FCV,Value,,,,,,,,,,,,0,0
SGP,Singapore,28151,FCS Typology - Past-FCS,Value,,,,,,,,,,,,0,0
SGP,Singapore,28152,FCS Typology - Non-FCS,Value,,,,,,,,,,,,1,1
SGP,Singapore,28154,SIDS,Yes/No,,,,,,,,,,,,1,
SGP,Singapore,28156,Is this country on the FCV list?,Value,0,0,0,0,0,0,0,0,0,0,0,0,0
SGP,Singapore,28167,Landlocked,Yes/No,,,,,,,,,,,,0,
SLB,Solomon Islands,28150,FCV Typology - FCV,Value,,,,,,,,,,,,1,1
SLB,Solomon Islands,28151,FCS Typology - Past-FCS,Value,,,,,,,,,,,,0,0
SLB,Solomon Islands,28152,FCS Typology - Non-FCS,Value,,,,,,,,,,,,0,0
SLB,Solomon Islands,28154,SIDS,Yes/No,,,,,,,,,,,,1,
SLB,Solomon Islands,28156,Is this country on the FCV list?,Value,1,1,1,1,1,1,1,1,1,1,1,1,1
SLB,Solomon Islands,28157,Is the country resource rich?,Value,,,,,,,,,,,,1,
SLB,Solomon Islands,28167,Landlocked,Yes/No,,,,,,,,,,,,0,
SLE,Sierra Leone,28150,FCV Typology - FCV,Value,,,,,,,,,,,,1,1
SLE,Sierra Leone,28151,FCS Typology - Past-FCS,Value,,,,,,,,,,,,0,0
SLE,Sierra Leone,28152,FCS Typology - Non-FCS,Value,,,,,,,,,,,,0,0
SLE,Sierra Leone,28154,SIDS,Yes/No,,,,,,,,,,,,0,
SLE,Sierra Leone,28156,Is this country on the FCV list?,Value,1,1,1,1,1,1,1,1,1,1,1,1,1
SLE,Sierra Leone,28157,Is the country resource rich?,Value,,,,,,,,,,,,0,
SLE,Sierra Leone,28167,Landlocked,Yes/No,,,,,,,,,,,,0,
SLV,El Salvador,28150,FCV Typology - FCV,Value,,,,,,,,,,,,0,0
SLV,El Salvador,28151,FCS Typology - Past-FCS,Value,,,,,,,,,,,,0,0
SLV,El Salvador,28152,FCS Typology - Non-FCS,Value,,,,,,,,,,,,1,1
SLV,El Salvador,28154,SIDS,Yes/No,,,,,,,,,,,,0,
SLV,El Salvador,28156,Is this country on the FCV list?,Value,0,0,0,0,0,0,0,0,0,0,0,0,0
SLV,El Salvador,28157,Is the country resource rich?,Value,,,,,,,,,,,,0,
SLV,El Salvador,28167,Landlocked,Yes/No,,,,,,,,,,,,0,
SMR,San Marino,28150,FCV Typology - FCV,Value,,,,,,,,,,,,,0
SMR,San Marino,28151,FCS Typology - Past-FCS,Value,,,,,,,,,,,,,0
SMR,San Marino,28152,FCS Typology - Non-FCS,Value,,,,,,,,,,,,,1
SMR,San Marino,28156,Is this country on the FCV list?,Value,0,0,0,0,0,0,0,0,0,0,0,0,0
SOM,Somalia,28150,FCV Typology - FCV,Value,,,,,,,,,,,,1,1
SOM,Somalia,28151,FCS Typology - Past-FCS,Value,,,,,,,,,,,,0,0
SOM,Somalia,28152,FCS Typology - Non-FCS,Value,,,,,,,,,,,,0,0
SOM,Somalia,28154,SIDS,Yes/No,,,,,,,,,,,,0,
SOM,Somalia,28156,Is this country on the FCV list?,Value,1,1,1,1,1,1,1,1,1,1,1,1,1
SOM,Somalia,28157,Is the country resource rich?,Value,,,,,,,,,,,,1,
SOM,Somalia,28167,Landlocked,Yes/No,,,,,,,,,,,,0,
SRB,Serbia,28150,FCV Typology - FCV,Value,,,,,,,,,,,,0,0
SRB,Serbia,28151,FCS Typology - Past-FCS,Value,,,,,,,,,,,,0,0
SRB,Serbia,28152,FCS Typology - Non-FCS,Value,,,,,,,,,,,,1,1
SRB,Serbia,28154,SIDS,Yes/No,,,,,,,,,,,,0,
SRB,Serbia,28156,Is this country on the FCV list?,Value,0,0,0,0,0,0,0,0,0,0,0,0,0
SRB,Serbia,28157,Is the country resource rich?,Value,,,,,,,,,,,,0,
SRB,Serbia,28167,Landlocked,Yes/No,,,,,,,,,,,,1,
SSD,South Sudan,28150,FCV Typology - FCV,Value,,,,,,,,,,,,1,1
SSD,South Sudan,28151,FCS Typology - Past-FCS,Value,,,,,,,,,,,,0,0
SSD,South Sudan,28152,FCS Typology - Non-FCS,Value,,,,,,,,,,,,0,0
SSD,South Sudan,28154,SIDS,Yes/No,,,,,,,,,,,,0,
SSD,South Sudan,28156,Is this country on the FCV list?,Value,0,0,0,0,0,0,0,1,1,1,1,1,1
SSD,South Sudan,28157,Is the country resource rich?,Value,,,,,,,,,,,,1,
SSD,South Sudan,28167,Landlocked,Yes/No,,,,,,,,,,,,1,
STP,Sao Tome and Principe,28150,FCV Typology - FCV,Value,,,,,,,,,,,,0,
STP,Sao Tome and Principe,28151,FCS Typology - Past-FCS,Value,,,,,,,,,,,,1,
STP,Sao Tome and Principe,28152,FCS Typology - Non-FCS,Value,,,,,,,,,,,,0,
STP,Sao Tome and Principe,28154,SIDS,Yes/No,,,,,,,,,,,,1,
STP,Sao Tome and Principe,28156,Is this country on the FCV list?,Value,1,1,1,1,1,1,0,0,0,0,0,0,
STP,Sao Tome and Principe,28157,Is the country resource rich?,Value,,,,,,,,,,,,0,
STP,Sao Tome and Principe,28167,Landlocked,Yes/No,,,,,,,,,,,,0,
SUR,Suriname,28150,FCV Typology - FCV,Value,,,,,,,,,,,,0,0
SUR,Suriname,28151,FCS Typology - Past-FCS,Value,,,,,,,,,,,,0,0
SUR,Suriname,28152,FCS Typology - Non-FCS,Value,,,,,,,,,,,,1,1
SUR,Suriname,28154,SIDS,Yes/No,,,,,,,,,,,,1,
SUR,Suriname,28156,Is this country on the FCV list?,Value,0,0,0,0,0,0,0,0,0,0,0,0,0
SUR,Suriname,28157,Is the country resource rich?,Value,,,,,,,,,,,,1,
SUR,Suriname,28167,Landlocked,Yes/No,,,,,,,,,,,,0,
SVK,Slovak Republic,28150,FCV Typology - FCV,Value,,,,,,,,,,,,0,0
SVK,Slovak Republic,28151,FCS Typology - Past-FCS,Value,,,,,,,,,,,,0,0
SVK,Slovak Republic,28152,FCS Typology - Non-FCS,Value,,,,,,,,,,,,1,1
SVK,Slovak Republic,28154,SIDS,Yes/No,,,,,,,,,,,,0,
SVK,Slovak Republic,28156,Is this country on the FCV list?,Value,0,0,0,0,0,0,0,0,0,0,0,0,0
SVK,Slovak Republic,28167,Landlocked,Yes/No,,,,,,,,,,,,1,
SVN,Slovenia,28150,FCV Typology - FCV,Value,,,,,,,,,,,,0,0
SVN,Slovenia,28151,FCS Typology - Past-FCS,Value,,,,,,,,,,,,0,0
SVN,Slovenia,28152,FCS Typology - Non-FCS,Value,,,,,,,,,,,,1,1
SVN,Slovenia,28154,SIDS,Yes/No,,,,,,,,,,,,0,
SVN,Slovenia,28156,Is this country on the FCV list?,Value,0,0,0,0,0,0,0,0,0,0,0,0,0
SVN,Slovenia,28167,Landlocked,Yes/No,,,,,,,,,,,,0,
SWE,Sweden,28150,FCV Typology - FCV,Value,,,,,,,,,,,,0,0
SWE,Sweden,28151,FCS Typology - Past-FCS,Value,,,,,,,,,,,,0,0
SWE,Sweden,28152,FCS Typology - Non-FCS,Value,,,,,,,,,,,,1,1
SWE,Sweden,28154,SIDS,Yes/No,,,,,,,,,,,,0,
SWE,Sweden,28156,Is this country on the FCV list?,Value,0,0,0,0,0,0,0,0,0,0,0,0,0
SWE,Sweden,28167,Landlocked,Yes/No,,,,,,,,,,,,0,
SWZ,Swaziland,28150,FCV Typology - FCV,Value,,,,,,,,,,,,0,0
SWZ,Swaziland,28151,FCS Typology - Past-FCS,Value,,,,,,,,,,,,0,0
SWZ,Swaziland,28152,FCS Typology - Non-FCS,Value,,,,,,,,,,,,1,1
SWZ,Swaziland,28154,SIDS,Yes/No,,,,,,,,,,,,0,
SWZ,Swaziland,28156,Is this country on the FCV list?,Value,0,0,0,0,0,0,0,0,0,0,0,0,0
SWZ,Swaziland,28157,Is the country resource rich?,Value,,,,,,,,,,,,0,
SWZ,Swaziland,28167,Landlocked,Yes/No,,,,,,,,,,,,1,
SXM,Sint Maarten (Dutch part),28150,FCV Typology - FCV,Value,,,,,,,,,,,,,0
SXM,Sint Maarten (Dutch part),28151,FCS Typology - Past-FCS,Value,,,,,,,,,,,,,0
SXM,Sint Maarten (Dutch part),28152,FCS Typology - Non-FCS,Value,,,,,,,,,,,,,1
SXM,Sint Maarten (Dutch part),28156,Is this country on the FCV list?,Value,0,0,0,0,0,0,0,0,0,0,0,0,0
SYC,Seychelles,28150,FCV Typology - FCV,Value,,,,,,,,,,,,0,0
SYC,Seychelles,28151,FCS Typology - Past-FCS,Value,,,,,,,,,,,,0,0
SYC,Seychelles,28152,FCS Typology - Non-FCS,Value,,,,,,,,,,,,1,1
SYC,Seychelles,28154,SIDS,Yes/No,,,,,,,,,,,,1,
SYC,Seychelles,28156,Is this country on the FCV list?,Value,0,0,0,0,0,0,0,0,0,0,0,0,0
SYC,Seychelles,28167,Landlocked,Yes/No,,,,,,,,,,,,0,
SYR,Syrian Arab Republic,28150,FCV Typology - FCV,Value,,,,,,,,,,,,1,1
SYR,Syrian Arab Republic,28151,FCS Typology - Past-FCS,Value,,,,,,,,,,,,0,0
SYR,Syrian Arab Republic,28152,FCS Typology - Non-FCS,Value,,,,,,,,,,,,0,0
SYR,Syrian Arab Republic,28154,SIDS,Yes/No,,,,,,,,,,,,0,
SYR,Syrian Arab Republic,28156,Is this country on the FCV list?,Value,0,0,0,0,0,0,0,1,1,1,1,1,1
SYR,Syrian Arab Republic,28157,Is the country resource rich?,Value,,,,,,,,,,,,1,
SYR,Syrian Arab Republic,28167,Landlocked,Yes/No,,,,,,,,,,,,0,
TCA,Turks and Caicos Islands,28150,FCV Typology - FCV,Value,,,,,,,,,,,,,0
TCA,Turks and Caicos Islands,28151,FCS Typology - Past-FCS,Value,,,,,,,,,,,,,0
TCA,Turks and Caicos Islands,28152,FCS Typology - Non-FCS,Value,,,,,,,,,,,,,1
TCA,Turks and Caicos Islands,28156,Is this country on the FCV list?,Value,0,0,0,0,0,0,0,0,0,0,0,0,0
TCD,Chad,28150,FCV Typology - FCV,Value,,,,,,,,,,,,1,1
TCD,Chad,28151,FCS Typology - Past-FCS,Value,,,,,,,,,,,,0,0
TCD,Chad,28152,FCS Typology - Non-FCS,Value,,,,,,,,,,,,0,0
TCD,Chad,28154,SIDS,Yes/No,,,,,,,,,,,,0,
TCD,Chad,28156,Is this country on the FCV list?,Value,1,1,1,1,1,1,1,1,1,1,1,1,1
TCD,Chad,28157,Is the country resource rich?,Value,,,,,,,,,,,,1,
TCD,Chad,28167,Landlocked,Yes/No,,,,,,,,,,,,1,
TGO,Togo,28150,FCV Typology - FCV,Value,,,,,,,,,,,,1,1
TGO,Togo,28151,FCS Typology - Past-FCS,Value,,,,,,,,,,,,0,0
TGO,Togo,28152,FCS Typology - Non-FCS,Value,,,,,,,,,,,,0,0
TGO,Togo,28154,SIDS,Yes/No,,,,,,,,,,,,0,
TGO,Togo,28156,Is this country on the FCV list?,Value,1,1,1,1,1,1,1,1,1,1,1,1,1
TGO,Togo,28157,Is the country resource rich?,Value,,,,,,,,,,,,0,
TGO,Togo,28167,Landlocked,Yes/No,,,,,,,,,,,,0,
THA,Thailand,28150,FCV Typology - FCV,Value,,,,,,,,,,,,0,0
THA,Thailand,28151,FCS Typology - Past-FCS,Value,,,,,,,,,,,,0,0
THA,Thailand,28152,FCS Typology - Non-FCS,Value,,,,,,,,,,,,1,1
THA,Thailand,28154,SIDS,Yes/No,,,,,,,,,,,,0,
THA,Thailand,28156,Is this country on the FCV list?,Value,0,0,0,0,0,0,0,0,0,0,0,0,0
THA,Thailand,28157,Is the country resource rich?,Value,,,,,,,,,,,,0,
THA,Thailand,28167,Landlocked,Yes/No,,,,,,,,,,,,0,
TJK,Tajikistan,28150,FCV Typology - FCV,Value,,,,,,,,,,,,0,0
TJK,Tajikistan,28151,FCS Typology - Past-FCS,Value,,,,,,,,,,,,1,1
TJK,Tajikistan,28152,FCS Typology - Non-FCS,Value,,,,,,,,,,,,0,0
TJK,Tajikistan,28154,SIDS,Yes/No,,,,,,,,,,,,0,
TJK,Tajikistan,28156,Is this country on the FCV list?,Value,1,0,0,1,1,1,0,0,0,0,0,0,0
TJK,Tajikistan,28157,Is the country resource rich?,Value,,,,,,,,,,,,0,
TJK,Tajikistan,28167,Landlocked,Yes/No,,,,,,,,,,,,1,
TKM,Turkmenistan,28150,FCV Typology - FCV,Value,,,,,,,,,,,,0,0
TKM,Turkmenistan,28151,FCS Typology - Past-FCS,Value,,,,,,,,,,,,0,0
TKM,Turkmenistan,28152,FCS Typology - Non-FCS,Value,,,,,,,,,,,,1,1
TKM,Turkmenistan,28154,SIDS,Yes/No,,,,,,,,,,,,0,
TKM,Turkmenistan,28156,Is this country on the FCV list?,Value,0,0,0,0,0,0,0,0,0,0,0,0,0
TKM,Turkmenistan,28157,Is the country resource rich?,Value,,,,,,,,,,,,1,
TKM,Turkmenistan,28167,Landlocked,Yes/No,,,,,,,,,,,,1,
TLS,Timor-Leste,28150,FCV Typology - FCV,Value,,,,,,,,,,,,1,1
TLS,Timor-Leste,28151,FCS Typology - Past-FCS,Value,,,,,,,,,,,,0,0
TLS,Timor-Leste,28152,FCS Typology - Non-FCS,Value,,,,,,,,,,,,0,0
TLS,Timor-Leste,28154,SIDS,Yes/No,,,,,,,,,,,,1,
TLS,Timor-Leste,28156,Is this country on the FCV list?,Value,1,1,1,1,1,1,1,1,1,1,1,0,0
TLS,Timor-Leste,28167,Landlocked,Yes/No,,,,,,,,,,,,0,
TON,Tonga,28150,FCV Typology - FCV,Value,,,,,,,,,,,,0,0
TON,Tonga,28151,FCS Typology - Past-FCS,Value,,,,,,,,,,,,1,1
TON,Tonga,28152,FCS Typology - Non-FCS,Value,,,,,,,,,,,,0,0
TON,Tonga,28154,SIDS,Yes/No,,,,,,,,,,,,0,
TON,Tonga,28156,Is this country on the FCV list?,Value,1,1,1,1,1,0,0,0,0,0,0,0,0
TON,Tonga,28157,Is the country resource rich?,Value,,,,,,,,,,,,0,
TON,Tonga,28167,Landlocked,Yes/No,,,,,,,,,,,,0,
TTO,Trinidad and Tobago,28150,FCV Typology - FCV,Value,,,,,,,,,,,,0,0
TTO,Trinidad and Tobago,28151,FCS Typology - Past-FCS,Value,,,,,,,,,,,,0,0
TTO,Trinidad and Tobago,28152,FCS Typology - Non-FCS,Value,,,,,,,,,,,,1,1
TTO,Trinidad and Tobago,28154,SIDS,Yes/No,,,,,,,,,,,,1,
TTO,Trinidad and Tobago,28156,Is this country on the FCV list?,Value,0,0,0,0,0,0,0,0,0,0,0,0,0
TTO,Trinidad and Tobago,28167,Landlocked,Yes/No,,,,,,,,,,,,0,
TUN,Tunisia,28150,FCV Typology - FCV,Value,,,,,,,,,,,,0,0
TUN,Tunisia,28151,FCS Typology - Past-FCS,Value,,,,,,,,,,,,0,0
TUN,Tunisia,28152,FCS Typology - Non-FCS,Value,,,,,,,,,,,,1,1
TUN,Tunisia,28154,SIDS,Yes/No,,,,,,,,,,,,0,
TUN,Tunisia,28156,Is this country on the FCV list?,Value,0,0,0,0,0,0,0,0,0,0,0,0,0
TUN,Tunisia,28157,Is the country resource rich?,Value,,,,,,,,,,,,0,
TUN,Tunisia,28167,Landlocked,Yes/No,,,,,,,,,,,,0,
TUR,Turkey,28150,FCV Typology - FCV,Value,,,,,,,,,,,,0,0
TUR,Turkey,28151,FCS Typology - Past-FCS,Value,,,,,,,,,,,,0,0
TUR,Turkey,28152,FCS Typology - Non-FCS,Value,,,,,,,,,,,,1,1
TUR,Turkey,28154,SIDS,Yes/No,,,,,,,,,,,,0,
TUR,Turkey,28156,Is this country on the FCV list?,Value,0,0,0,0,0,0,0,0,0,0,0,0,0
TUR,Turkey,28157,Is the country resource rich?,Value,,,,,,,,,,,,0,
TUR,Turkey,28167,Landlocked,Yes/No,,,,,,,,,,,,0,
TUV,Tuvalu,28150,FCV Typology - FCV,Value,,,,,,,,,,,,1,1
TUV,Tuvalu,28151,FCS Typology - Past-FCS,Value,,,,,,,,,,,,0,0
TUV,Tuvalu,28152,FCS Typology - Non-FCS,Value,,,,,,,,,,,,0,0
TUV,Tuvalu,28154,SIDS,Yes/No,,,,,,,,,,,,1,
TUV,Tuvalu,28156,Is this country on the FCV list?,Value,0,0,0,0,0,0,0,1,1,1,1,1,1
TUV,Tuvalu,28167,Landlocked,Yes/No,,,,,,,,,,,,0,
TZA,Tanzania,28150,FCV Typology - FCV,Value,,,,,,,,,,,,0,0
TZA,Tanzania,28151,FCS Typology - Past-FCS,Value,,,,,,,,,,,,0,0
TZA,Tanzania,28152,FCS Typology - Non-FCS,Value,,,,,,,,,,,,1,1
TZA,Tanzania,28154,SIDS,Yes/No,,,,,,,,,,,,0,
TZA,Tanzania,28156,Is this country on the FCV list?,Value,0,0,0,0,0,0,0,0,0,0,0,0,0
TZA,Tanzania,28157,Is the country resource rich?,Value,,,,,,,,,,,,0,
TZA,Tanzania,28167,Landlocked,Yes/No,,,,,,,,,,,,0,
UGA,Uganda,28150,FCV Typology - FCV,Value,,,,,,,,,,,,0,0
UGA,Uganda,28151,FCS Typology - Past-FCS,Value,,,,,,,,,,,,0,0
UGA,Uganda,28152,FCS Typology - Non-FCS,Value,,,,,,,,,,,,1,1
UGA,Uganda,28154,SIDS,Yes/No,,,,,,,,,,,,0,
UGA,Uganda,28156,Is this country on the FCV list?,Value,0,0,0,0,0,0,0,0,0,0,0,0,0
UGA,Uganda,28157,Is the country resource rich?,Value,,,,,,,,,,,,1,
UGA,Uganda,28167,Landlocked,Yes/No,,,,,,,,,,,,1,
UKR,Ukraine,28150,FCV Typology - FCV,Value,,,,,,,,,,,,0,0
UKR,Ukraine,28151,FCS Typology - Past-FCS,Value,,,,,,,,,,,,0,0
UKR,Ukraine,28152,FCS Typology - Non-FCS,Value,,,,,,,,,,,,1,1
UKR,Ukraine,28154,SIDS,Yes/No,,,,,,,,,,,,0,
UKR,Ukraine,28156,Is this country on the FCV list?,Value,0,0,0,0,0,0,0,0,0,0,0,0,0
UKR,Ukraine,28157,Is the country resource rich?,Value,,,,,,,,,,,,1,
UKR,Ukraine,28167,Landlocked,Yes/No,,,,,,,,,,,,0,
URY,Uruguay,28150,FCV Typology - FCV,Value,,,,,,,,,,,,0,0
URY,Uruguay,28151,FCS Typology - Past-FCS,Value,,,,,,,,,,,,0,0
URY,Uruguay,28152,FCS Typology - Non-FCS,Value,,,,,,,,,,,,1,1
URY,Uruguay,28154,SIDS,Yes/No,,,,,,,,,,,,0,
URY,Uruguay,28156,Is this country on the FCV list?,Value,0,0,0,0,0,0,0,0,0,0,0,0,0
URY,Uruguay,28167,Landlocked,Yes/No,,,,,,,,,,,,0,
USA,United States,28150,FCV Typology - FCV,Value,,,,,,,,,,,,0,0
USA,United States,28151,FCS Typology - Past-FCS,Value,,,,,,,,,,,,0,0
USA,United States,28152,FCS Typology - Non-FCS,Value,,,,,,,,,,,,1,1
USA,United States,28154,SIDS,Yes/No,,,,,,,,,,,,0,
USA,United States,28156,Is this country on the FCV list?,Value,0,0,0,0,0,0,0,0,0,0,0,0,0
USA,United States,28167,Landlocked,Yes/No,,,,,,,,,,,,0,
UZB,Uzbekistan,28150,FCV Typology - FCV,Value,,,,,,,,,,,,0,0
UZB,Uzbekistan,28151,FCS Typology - Past-FCS,Value,,,,,,,,,,,,1,1
UZB,Uzbekistan,28152,FCS Typology - Non-FCS,Value,,,,,,,,,,,,0,0
UZB,Uzbekistan,28154,SIDS,Yes/No,,,,,,,,,,,,0,
UZB,Uzbekistan,28156,Is this country on the FCV list?,Value,1,1,1,1,0,0,0,0,0,0,0,0,0
UZB,Uzbekistan,28157,Is the country resource rich?,Value,,,,,,,,,,,,1,
UZB,Uzbekistan,28167,Landlocked,Yes/No,,,,,,,,,,,,1,
VCT,St. Vincent and the Grenadines,28150,FCV Typology - FCV,Value,,,,,,,,,,,,0,0
VCT,St. Vincent and the Grenadines,28151,FCS Typology - Past-FCS,Value,,,,,,,,,,,,0,0
VCT,St. Vincent and the Grenadines,28152,FCS Typology - Non-FCS,Value,,,,,,,,,,,,1,1
VCT,St. Vincent and the Grenadines,28154,SIDS,Yes/No,,,,,,,,,,,,1,
VCT,St. Vincent and the Grenadines,28156,Is this country on the FCV list?,Value,0,0,0,0,0,0,0,0,0,0,0,0,0
VCT,St. Vincent and the Grenadines,28157,Is the country resource rich?,Value,,,,,,,,,,,,0,
VCT,St. Vincent and the Grenadines,28167,Landlocked,Yes/No,,,,,,,,,,,,0,
VEN,"Venezuela, RB",28150,FCV Typology - FCV,Value,,,,,,,,,,,,0,0
VEN,"Venezuela, RB",28151,FCS Typology - Past-FCS,Value,,,,,,,,,,,,0,0
VEN,"Venezuela, RB",28152,FCS Typology - Non-FCS,Value,,,,,,,,,,,,1,1
VEN,"Venezuela, RB",28154,SIDS,Yes/No,,,,,,,,,,,,0,
VEN,"Venezuela, RB",28156,Is this country on the FCV list?,Value,0,0,0,0,0,0,0,0,0,0,0,0,0
VEN,"Venezuela, RB",28157,Is the country resource rich?,Value,,,,,,,,,,,,1,
VEN,"Venezuela, RB",28167,Landlocked,Yes/No,,,,,,,,,,,,0,
VGB,British Virgin Islands,28150,FCV Typology - FCV,Value,,,,,,,,,,,,,0
VGB,British Virgin Islands,28151,FCS Typology - Past-FCS,Value,,,,,,,,,,,,,0
VGB,British Virgin Islands,28152,FCS Typology - Non-FCS,Value,,,,,,,,,,,,,1
VGB,British Virgin Islands,28156,Is this country on the FCV list?,Value,0,0,0,0,0,0,0,0,0,0,0,0,0
VIR,Virgin Islands (U.S.),28150,FCV Typology - FCV,Value,,,,,,,,,,,,,0
VIR,Virgin Islands (U.S.),28151,FCS Typology - Past-FCS,Value,,,,,,,,,,,,,0
VIR,Virgin Islands (U.S.),28152,FCS Typology - Non-FCS,Value,,,,,,,,,,,,,1
VIR,Virgin Islands (U.S.),28156,Is this country on the FCV list?,Value,0,0,0,0,0,0,0,0,0,0,0,0,0
VNM,Vietnam,28150,FCV Typology - FCV,Value,,,,,,,,,,,,0,0
VNM,Vietnam,28151,FCS Typology - Past-FCS,Value,,,,,,,,,,,,0,0
VNM,Vietnam,28152,FCS Typology - Non-FCS,Value,,,,,,,,,,,,1,1
VNM,Vietnam,28154,SIDS,Yes/No,,,,,,,,,,,,0,
VNM,Vietnam,28156,Is this country on the FCV list?,Value,0,0,0,0,0,0,0,0,0,0,0,0,0
VNM,Vietnam,28157,Is the country resource rich?,Value,,,,,,,,,,,,1,
VNM,Vietnam,28167,Landlocked,Yes/No,,,,,,,,,,,,0,
VUT,Vanuatu,28150,FCV Typology - FCV,Value,,,,,,,,,,,,0,0
VUT,Vanuatu,28151,FCS Typology - Past-FCS,Value,,,,,,,,,,,,1,1
VUT,Vanuatu,28152,FCS Typology - Non-FCS,Value,,,,,,,,,,,,0,0
VUT,Vanuatu,28154,SIDS,Yes/No,,,,,,,,,,,,1,
VUT,Vanuatu,28156,Is this country on the FCV list?,Value,1,1,1,0,0,0,0,0,0,0,0,0,0
VUT,Vanuatu,28157,Is the country resource rich?,Value,,,,,,,,,,,,0,
VUT,Vanuatu,28167,Landlocked,Yes/No,,,,,,,,,,,,0,
WSM,Samoa,28150,FCV Typology - FCV,Value,,,,,,,,,,,,0,0
WSM,Samoa,28151,FCS Typology - Past-FCS,Value,,,,,,,,,,,,0,0
WSM,Samoa,28152,FCS Typology - Non-FCS,Value,,,,,,,,,,,,1,1
WSM,Samoa,28154,SIDS,Yes/No,,,,,,,,,,,,1,
WSM,Samoa,28156,Is this country on the FCV list?,Value,0,0,0,0,0,0,0,0,0,0,0,0,0
WSM,Samoa,28157,Is the country resource rich?,Value,,,,,,,,,,,,0,
WSM,Samoa,28167,Landlocked,Yes/No,,,,,,,,,,,,0,
YEM,"Yemen, Rep.",28150,FCV Typology - FCV,Value,,,,,,,,,,,,1,1
YEM,"Yemen, Rep.",28151,FCS Typology - Past-FCS,Value,,,,,,,,,,,,0,0
YEM,"Yemen, Rep.",28152,FCS Typology - Non-FCS,Value,,,,,,,,,,,,0,0
YEM,"Yemen, Rep.",28154,SIDS,Yes/No,,,,,,,,,,,,0,
YEM,"Yemen, Rep.",28156,Is this country on the FCV list?,Value,0,0,0,1,1,1,1,1,1,1,1,1,1
YEM,"Yemen, Rep.",28157,Is the country resource rich?,Value,,,,,,,,,,,,1,
YEM,"Yemen, Rep.",28167,Landlocked,Yes/No,,,,,,,,,,,,0,
ZAF,South Africa,28150,FCV Typology - FCV,Value,,,,,,,,,,,,0,0
ZAF,South Africa,28151,FCS Typology - Past-FCS,Value,,,,,,,,,,,,0,0
ZAF,South Africa,28152,FCS Typology - Non-FCS,Value,,,,,,,,,,,,1,1
ZAF,South Africa,28154,SIDS,Yes/No,,,,,,,,,,,,0,
ZAF,South Africa,28156,Is this country on the FCV list?,Value,0,0,0,0,0,0,0,0,0,0,0,0,0
ZAF,South Africa,28157,Is the country resource rich?,Value,,,,,,,,,,,,1,
ZAF,South Africa,28167,Landlocked,Yes/No,,,,,,,,,,,,0,
ZMB,Zambia,28150,FCV Typology - FCV,Value,,,,,,,,,,,,0,0
ZMB,Zambia,28151,FCS Typology - Past-FCS,Value,,,,,,,,,,,,0,0
ZMB,Zambia,28152,FCS Typology - Non-FCS,Value,,,,,,,,,,,,1,1
ZMB,Zambia,28154,SIDS,Yes/No,,,,,,,,,,,,0,
ZMB,Zambia,28156,Is this country on the FCV list?,Value,0,0,0,0,0,0,0,0,0,0,0,0,0
ZMB,Zambia,28157,Is the country resource rich?,Value,,,,,,,,,,,,1,
ZMB,Zambia,28167,Landlocked,Yes/No,,,,,,,,,,,,1,
ZWE,Zimbabwe,28150,FCV Typology - FCV,Value,,,,,,,,,,,,1,1
ZWE,Zimbabwe,28151,FCS Typology - Past-FCS,Value,,,,,,,,,,,,0,0
ZWE,Zimbabwe,28152,FCS Typology - Non-FCS,Value,,,,,,,,,,,,0,0
ZWE,Zimbabwe,28154,SIDS,Yes/No,,,,,,,,,,,,0,
ZWE,Zimbabwe,28156,Is this country on the FCV list?,Value,1,1,1,1,1,1,1,1,1,1,1,1,1
ZWE,Zimbabwe,28157,Is the country resource rich?,Value,,,,,,,,,,,,1,
ZWE,Zimbabwe,28167,Landlocked,Yes/No,,,,,,,,,,,,1,
